========================================================
🔄 iCare OTRS Background Sync Daemon Started
⏱️  Sync Interval: every 180 seconds (3 minutes)
========================================================

[14.08.05] 🚀 Starting iCare OTRS -> Supabase Synchronization...
📡 Fetching active tickets from iCare OTRS...
   Fetched 4 active tickets.
📊 Total unique tickets to sync: 4
   -> 0 new tickets to insert, 4 existing tickets to update/verify.
   ✅ Upserted batch 1 (4 tickets)
🎉 Sync completed! Total tickets in Supabase: 597

[14.11.09] 🚀 Starting iCare OTRS -> Supabase Synchronization...
📡 Fetching active tickets from iCare OTRS...
   Fetched 4 active tickets.
📊 Total unique tickets to sync: 4
   -> 0 new tickets to insert, 4 existing tickets to update/verify.
   ✅ Upserted batch 1 (4 tickets)
🎉 Sync completed! Total tickets in Supabase: 597

[14.14.09] 🚀 Starting iCare OTRS -> Supabase Synchronization...
📡 Fetching active tickets from iCare OTRS...
   Fetched 4 active tickets.
📊 Total unique tickets to sync: 4
   -> 0 new tickets to insert, 4 existing tickets to update/verify.
   ✅ Upserted batch 1 (4 tickets)
🎉 Sync completed! Total tickets in Supabase: 597

[14.17.09] 🚀 Starting iCare OTRS -> Supabase Synchronization...
📡 Fetching active tickets from iCare OTRS...
   Fetched 4 active tickets.
📊 Total unique tickets to sync: 4
   -> 0 new tickets to insert, 4 existing tickets to update/verify.
   ✅ Upserted batch 1 (4 tickets)
🎉 Sync completed! Total tickets in Supabase: 597

[14.20.09] 🚀 Starting iCare OTRS -> Supabase Synchronization...
📡 Fetching active tickets from iCare OTRS...
❌ Active fetch error: Fetcher exited with code 1: Traceback (most recent call last):
  File "/usr/lib/python3/dist-packages/urllib3/connection.py", line 198, in _new_conn
    sock = connection.create_connection(
        (self._dns_host, self.port),
    ...<2 lines>...
        socket_options=self.socket_options,
    )
  File "/usr/lib/python3/dist-packages/urllib3/util/connection.py", line 60, in create_connection
    for res in socket.getaddrinfo(host, port, family, socket.SOCK_STREAM):
               ~~~~~~~~~~~~~~~~~~^^^^^^^^^^^^^^^^^^^^^^^^^^^^^^^^^^^^^^^^
  File "/usr/lib/python3.13/socket.py", line 977, in getaddrinfo
    for res in _socket.getaddrinfo(host, port, family, type, proto, flags):
               ~~~~~~~~~~~~~~~~~~~^^^^^^^^^^^^^^^^^^^^^^^^^^^^^^^^^^^^^^^^
socket.gaierror: [Errno -3] Temporary failure in name resolution

The above exception was the direct cause of the following exception:

Traceback (most recent call last):
  File "/usr/lib/python3/dist-packages/urllib3/connectionpool.py", line 787, in urlopen
    response = self._make_request(
        conn,
    ...<10 lines>...
        **response_kw,
    )
  File "/usr/lib/python3/dist-packages/urllib3/connectionpool.py", line 488, in _make_request
    raise new_e
  File "/usr/lib/python3/dist-packages/urllib3/connectionpool.py", line 464, in _make_request
    self._validate_conn(conn)
    ~~~~~~~~~~~~~~~~~~~^^^^^^
  File "/usr/lib/python3/dist-packages/urllib3/connectionpool.py", line 1105, in _validate_conn
    conn.connect()
    ~~~~~~~~~~~~^^
  File "/usr/lib/python3/dist-packages/urllib3/connection.py", line 704, in connect
    self.sock = sock = self._new_conn()
                       ~~~~~~~~~~~~~~^^
  File "/usr/lib/python3/dist-packages/urllib3/connection.py", line 205, in _new_conn
    raise NameResolutionError(self.host, self, e) from e
urllib3.exceptions.NameResolutionError: <urllib3.connection.HTTPSConnection object at 0x74f0107b9e50>: Failed to resolve 'icare.lt-integra.com' ([Errno -3] Temporary failure in name resolution)

The above exception was the direct cause of the following exception:

Traceback (most recent call last):
  File "/usr/lib/python3/dist-packages/requests/adapters.py", line 667, in send
    resp = conn.urlopen(
        method=request.method,
    ...<9 lines>...
        chunked=chunked,
    )
  File "/usr/lib/python3/dist-packages/urllib3/connectionpool.py", line 841, in urlopen
    retries = retries.increment(
        method, url, error=new_e, _pool=self, _stacktrace=sys.exc_info()[2]
    )
  File "/usr/lib/python3/dist-packages/urllib3/util/retry.py", line 519, in increment
    raise MaxRetryError(_pool, url, reason) from reason  # type: ignore[arg-type]
    ^^^^^^^^^^^^^^^^^^^^^^^^^^^^^^^^^^^^^^^^^^^^^^^^^^^
urllib3.exceptions.MaxRetryError: HTTPSConnectionPool(host='icare.lt-integra.com', port=443): Max retries exceeded with url: /otrs/index.pl (Caused by NameResolutionError("<urllib3.connection.HTTPSConnection object at 0x74f0107b9e50>: Failed to resolve 'icare.lt-integra.com' ([Errno -3] Temporary failure in name resolution)"))

During handling of the above exception, another exception occurred:

Traceback (most recent call last):
  File "/home/ismail/Downloads/Project Lainnya/Project Lain 1/scripts/otrs_history_fetcher.py", line 485, in <module>
    main()
    ~~~~^^
  File "/home/ismail/Downloads/Project Lainnya/Project Lain 1/scripts/otrs_history_fetcher.py", line 448, in main
    session, sess_id = get_session()
                       ~~~~~~~~~~~^^
  File "/home/ismail/Downloads/Project Lainnya/Project Lain 1/scripts/otrs_close_bridge.py", line 69, in get_session
    r_login = s_new.post(BASE_URL, data=login_payload, headers=DEFAULT_HEADERS, timeout=15)
  File "/usr/lib/python3/dist-packages/requests/sessions.py", line 637, in post
    return self.request("POST", url, data=data, json=json, **kwargs)
           ~~~~~~~~~~~~^^^^^^^^^^^^^^^^^^^^^^^^^^^^^^^^^^^^^^^^^^^^^
  File "/usr/lib/python3/dist-packages/requests/sessions.py", line 589, in request
    resp = self.send(prep, **send_kwargs)
  File "/usr/lib/python3/dist-packages/requests/sessions.py", line 703, in send
    r = adapter.send(request, **kwargs)
  File "/usr/lib/python3/dist-packages/requests/adapters.py", line 700, in send
    raise ConnectionError(e, request=request)
requests.exceptions.ConnectionError: HTTPSConnectionPool(host='icare.lt-integra.com', port=443): Max retries exceeded with url: /otrs/index.pl (Caused by NameResolutionError("<urllib3.connection.HTTPSConnection object at 0x74f0107b9e50>: Failed to resolve 'icare.lt-integra.com' ([Errno -3] Temporary failure in name resolution)"))

📊 Total unique tickets to sync: 0
ℹ️  No active tickets found in queue.

[14.23.09] 🚀 Starting iCare OTRS -> Supabase Synchronization...
📡 Fetching active tickets from iCare OTRS...
❌ Active fetch error: Fetcher exited with code 1: Traceback (most recent call last):
  File "/usr/lib/python3/dist-packages/urllib3/connection.py", line 198, in _new_conn
    sock = connection.create_connection(
        (self._dns_host, self.port),
    ...<2 lines>...
        socket_options=self.socket_options,
    )
  File "/usr/lib/python3/dist-packages/urllib3/util/connection.py", line 85, in create_connection
    raise err
  File "/usr/lib/python3/dist-packages/urllib3/util/connection.py", line 73, in create_connection
    sock.connect(sa)
    ~~~~~~~~~~~~^^^^
OSError: [Errno 113] No route to host

The above exception was the direct cause of the following exception:

Traceback (most recent call last):
  File "/usr/lib/python3/dist-packages/urllib3/connectionpool.py", line 787, in urlopen
    response = self._make_request(
        conn,
    ...<10 lines>...
        **response_kw,
    )
  File "/usr/lib/python3/dist-packages/urllib3/connectionpool.py", line 488, in _make_request
    raise new_e
  File "/usr/lib/python3/dist-packages/urllib3/connectionpool.py", line 464, in _make_request
    self._validate_conn(conn)
    ~~~~~~~~~~~~~~~~~~~^^^^^^
  File "/usr/lib/python3/dist-packages/urllib3/connectionpool.py", line 1105, in _validate_conn
    conn.connect()
    ~~~~~~~~~~~~^^
  File "/usr/lib/python3/dist-packages/urllib3/connection.py", line 704, in connect
    self.sock = sock = self._new_conn()
                       ~~~~~~~~~~~~~~^^
  File "/usr/lib/python3/dist-packages/urllib3/connection.py", line 213, in _new_conn
    raise NewConnectionError(
        self, f"Failed to establish a new connection: {e}"
    ) from e
urllib3.exceptions.NewConnectionError: <urllib3.connection.HTTPSConnection object at 0x777a09895d10>: Failed to establish a new connection: [Errno 113] No route to host

The above exception was the direct cause of the following exception:

Traceback (most recent call last):
  File "/usr/lib/python3/dist-packages/requests/adapters.py", line 667, in send
    resp = conn.urlopen(
        method=request.method,
    ...<9 lines>...
        chunked=chunked,
    )
  File "/usr/lib/python3/dist-packages/urllib3/connectionpool.py", line 841, in urlopen
    retries = retries.increment(
        method, url, error=new_e, _pool=self, _stacktrace=sys.exc_info()[2]
    )
  File "/usr/lib/python3/dist-packages/urllib3/util/retry.py", line 519, in increment
    raise MaxRetryError(_pool, url, reason) from reason  # type: ignore[arg-type]
    ^^^^^^^^^^^^^^^^^^^^^^^^^^^^^^^^^^^^^^^^^^^^^^^^^^^
urllib3.exceptions.MaxRetryError: HTTPSConnectionPool(host='icare.lt-integra.com', port=443): Max retries exceeded with url: /otrs/index.pl (Caused by NewConnectionError('<urllib3.connection.HTTPSConnection object at 0x777a09895d10>: Failed to establish a new connection: [Errno 113] No route to host'))

During handling of the above exception, another exception occurred:

Traceback (most recent call last):
  File "/home/ismail/Downloads/Project Lainnya/Project Lain 1/scripts/otrs_history_fetcher.py", line 485, in <module>
    main()
    ~~~~^^
  File "/home/ismail/Downloads/Project Lainnya/Project Lain 1/scripts/otrs_history_fetcher.py", line 448, in main
    session, sess_id = get_session()
                       ~~~~~~~~~~~^^
  File "/home/ismail/Downloads/Project Lainnya/Project Lain 1/scripts/otrs_close_bridge.py", line 69, in get_session
    r_login = s_new.post(BASE_URL, data=login_payload, headers=DEFAULT_HEADERS, timeout=15)
  File "/usr/lib/python3/dist-packages/requests/sessions.py", line 637, in post
    return self.request("POST", url, data=data, json=json, **kwargs)
           ~~~~~~~~~~~~^^^^^^^^^^^^^^^^^^^^^^^^^^^^^^^^^^^^^^^^^^^^^
  File "/usr/lib/python3/dist-packages/requests/sessions.py", line 589, in request
    resp = self.send(prep, **send_kwargs)
  File "/usr/lib/python3/dist-packages/requests/sessions.py", line 703, in send
    r = adapter.send(request, **kwargs)
  File "/usr/lib/python3/dist-packages/requests/adapters.py", line 700, in send
    raise ConnectionError(e, request=request)
requests.exceptions.ConnectionError: HTTPSConnectionPool(host='icare.lt-integra.com', port=443): Max retries exceeded with url: /otrs/index.pl (Caused by NewConnectionError('<urllib3.connection.HTTPSConnection object at 0x777a09895d10>: Failed to establish a new connection: [Errno 113] No route to host'))

📊 Total unique tickets to sync: 0
ℹ️  No active tickets found in queue.

[14.26.09] 🚀 Starting iCare OTRS -> Supabase Synchronization...
📡 Fetching active tickets from iCare OTRS...
❌ Active fetch error: Fetcher exited with code 1: Traceback (most recent call last):
  File "/usr/lib/python3/dist-packages/urllib3/connection.py", line 198, in _new_conn
    sock = connection.create_connection(
        (self._dns_host, self.port),
    ...<2 lines>...
        socket_options=self.socket_options,
    )
  File "/usr/lib/python3/dist-packages/urllib3/util/connection.py", line 85, in create_connection
    raise err
  File "/usr/lib/python3/dist-packages/urllib3/util/connection.py", line 73, in create_connection
    sock.connect(sa)
    ~~~~~~~~~~~~^^^^
OSError: [Errno 113] No route to host

The above exception was the direct cause of the following exception:

Traceback (most recent call last):
  File "/usr/lib/python3/dist-packages/urllib3/connectionpool.py", line 787, in urlopen
    response = self._make_request(
        conn,
    ...<10 lines>...
        **response_kw,
    )
  File "/usr/lib/python3/dist-packages/urllib3/connectionpool.py", line 488, in _make_request
    raise new_e
  File "/usr/lib/python3/dist-packages/urllib3/connectionpool.py", line 464, in _make_request
    self._validate_conn(conn)
    ~~~~~~~~~~~~~~~~~~~^^^^^^
  File "/usr/lib/python3/dist-packages/urllib3/connectionpool.py", line 1105, in _validate_conn
    conn.connect()
    ~~~~~~~~~~~~^^
  File "/usr/lib/python3/dist-packages/urllib3/connection.py", line 704, in connect
    self.sock = sock = self._new_conn()
                       ~~~~~~~~~~~~~~^^
  File "/usr/lib/python3/dist-packages/urllib3/connection.py", line 213, in _new_conn
    raise NewConnectionError(
        self, f"Failed to establish a new connection: {e}"
    ) from e
urllib3.exceptions.NewConnectionError: <urllib3.connection.HTTPSConnection object at 0x7fb489bbdd10>: Failed to establish a new connection: [Errno 113] No route to host

The above exception was the direct cause of the following exception:

Traceback (most recent call last):
  File "/usr/lib/python3/dist-packages/requests/adapters.py", line 667, in send
    resp = conn.urlopen(
        method=request.method,
    ...<9 lines>...
        chunked=chunked,
    )
  File "/usr/lib/python3/dist-packages/urllib3/connectionpool.py", line 841, in urlopen
    retries = retries.increment(
        method, url, error=new_e, _pool=self, _stacktrace=sys.exc_info()[2]
    )
  File "/usr/lib/python3/dist-packages/urllib3/util/retry.py", line 519, in increment
    raise MaxRetryError(_pool, url, reason) from reason  # type: ignore[arg-type]
    ^^^^^^^^^^^^^^^^^^^^^^^^^^^^^^^^^^^^^^^^^^^^^^^^^^^
urllib3.exceptions.MaxRetryError: HTTPSConnectionPool(host='icare.lt-integra.com', port=443): Max retries exceeded with url: /otrs/index.pl (Caused by NewConnectionError('<urllib3.connection.HTTPSConnection object at 0x7fb489bbdd10>: Failed to establish a new connection: [Errno 113] No route to host'))

During handling of the above exception, another exception occurred:

Traceback (most recent call last):
  File "/home/ismail/Downloads/Project Lainnya/Project Lain 1/scripts/otrs_history_fetcher.py", line 485, in <module>
    main()
    ~~~~^^
  File "/home/ismail/Downloads/Project Lainnya/Project Lain 1/scripts/otrs_history_fetcher.py", line 448, in main
    session, sess_id = get_session()
                       ~~~~~~~~~~~^^
  File "/home/ismail/Downloads/Project Lainnya/Project Lain 1/scripts/otrs_close_bridge.py", line 69, in get_session
    r_login = s_new.post(BASE_URL, data=login_payload, headers=DEFAULT_HEADERS, timeout=15)
  File "/usr/lib/python3/dist-packages/requests/sessions.py", line 637, in post
    return self.request("POST", url, data=data, json=json, **kwargs)
           ~~~~~~~~~~~~^^^^^^^^^^^^^^^^^^^^^^^^^^^^^^^^^^^^^^^^^^^^^
  File "/usr/lib/python3/dist-packages/requests/sessions.py", line 589, in request
    resp = self.send(prep, **send_kwargs)
  File "/usr/lib/python3/dist-packages/requests/sessions.py", line 703, in send
    r = adapter.send(request, **kwargs)
  File "/usr/lib/python3/dist-packages/requests/adapters.py", line 700, in send
    raise ConnectionError(e, request=request)
requests.exceptions.ConnectionError: HTTPSConnectionPool(host='icare.lt-integra.com', port=443): Max retries exceeded with url: /otrs/index.pl (Caused by NewConnectionError('<urllib3.connection.HTTPSConnection object at 0x7fb489bbdd10>: Failed to establish a new connection: [Errno 113] No route to host'))

📊 Total unique tickets to sync: 0
ℹ️  No active tickets found in queue.

🛑 Shutting down iCare Sync Daemon...
========================================================
🔄 iCare OTRS Background Sync Daemon Started
⏱️  Sync Interval: every 180 seconds (3 minutes)
========================================================

[14.28.55] 🚀 Starting iCare OTRS -> Supabase Synchronization...
📡 Fetching active tickets from iCare OTRS...
   Fetched 4 active tickets.
📊 Total unique tickets to sync: 4
   -> 0 new tickets to insert, 4 existing tickets to update/verify.
   ✅ Upserted batch 1 (4 tickets)
🎉 Sync completed! Total tickets in Supabase: 597

🛑 Shutting down iCare Sync Daemon...
========================================================
🔄 iCare OTRS Background Sync Daemon Started
⏱️  Sync Interval: every 180 seconds (3 minutes)
========================================================

[18.17.30] 🚀 Starting iCare OTRS -> Supabase Synchronization...
📡 Fetching active tickets from iCare OTRS...
   Fetched 4 active tickets.
📊 Total unique tickets to sync: 4
   -> 3 new tickets to insert, 1 existing tickets to update/verify.
   ✅ Upserted batch 1 (4 tickets)
🎉 Sync completed! Total tickets in Supabase: 600

[18.20.37] 🚀 Starting iCare OTRS -> Supabase Synchronization...
📡 Fetching active tickets from iCare OTRS...
   Fetched 4 active tickets.
📊 Total unique tickets to sync: 4
   -> 0 new tickets to insert, 4 existing tickets to update/verify.
   ✅ Upserted batch 1 (4 tickets)
🎉 Sync completed! Total tickets in Supabase: 600

[18.23.37] 🚀 Starting iCare OTRS -> Supabase Synchronization...
📡 Fetching active tickets from iCare OTRS...
   Fetched 4 active tickets.
📊 Total unique tickets to sync: 4
   -> 0 new tickets to insert, 4 existing tickets to update/verify.
   ✅ Upserted batch 1 (4 tickets)
🎉 Sync completed! Total tickets in Supabase: 600

[18.26.37] 🚀 Starting iCare OTRS -> Supabase Synchronization...
📡 Fetching active tickets from iCare OTRS...
   Fetched 4 active tickets.
📊 Total unique tickets to sync: 4
   -> 0 new tickets to insert, 4 existing tickets to update/verify.
   ✅ Upserted batch 1 (4 tickets)
🎉 Sync completed! Total tickets in Supabase: 600

[18.29.37] 🚀 Starting iCare OTRS -> Supabase Synchronization...
📡 Fetching active tickets from iCare OTRS...
   Fetched 4 active tickets.
📊 Total unique tickets to sync: 4
   -> 0 new tickets to insert, 4 existing tickets to update/verify.
   ✅ Upserted batch 1 (4 tickets)
🎉 Sync completed! Total tickets in Supabase: 600

[18.32.37] 🚀 Starting iCare OTRS -> Supabase Synchronization...
📡 Fetching active tickets from iCare OTRS...
❌ Active fetch error: Fetcher exited with code 1: Traceback (most recent call last):
  File "/usr/lib/python3/dist-packages/urllib3/connection.py", line 198, in _new_conn
    sock = connection.create_connection(
        (self._dns_host, self.port),
    ...<2 lines>...
        socket_options=self.socket_options,
    )
  File "/usr/lib/python3/dist-packages/urllib3/util/connection.py", line 60, in create_connection
    for res in socket.getaddrinfo(host, port, family, socket.SOCK_STREAM):
               ~~~~~~~~~~~~~~~~~~^^^^^^^^^^^^^^^^^^^^^^^^^^^^^^^^^^^^^^^^
  File "/usr/lib/python3.13/socket.py", line 977, in getaddrinfo
    for res in _socket.getaddrinfo(host, port, family, type, proto, flags):
               ~~~~~~~~~~~~~~~~~~~^^^^^^^^^^^^^^^^^^^^^^^^^^^^^^^^^^^^^^^^
socket.gaierror: [Errno -3] Temporary failure in name resolution

The above exception was the direct cause of the following exception:

Traceback (most recent call last):
  File "/usr/lib/python3/dist-packages/urllib3/connectionpool.py", line 787, in urlopen
    response = self._make_request(
        conn,
    ...<10 lines>...
        **response_kw,
    )
  File "/usr/lib/python3/dist-packages/urllib3/connectionpool.py", line 488, in _make_request
    raise new_e
  File "/usr/lib/python3/dist-packages/urllib3/connectionpool.py", line 464, in _make_request
    self._validate_conn(conn)
    ~~~~~~~~~~~~~~~~~~~^^^^^^
  File "/usr/lib/python3/dist-packages/urllib3/connectionpool.py", line 1105, in _validate_conn
    conn.connect()
    ~~~~~~~~~~~~^^
  File "/usr/lib/python3/dist-packages/urllib3/connection.py", line 704, in connect
    self.sock = sock = self._new_conn()
                       ~~~~~~~~~~~~~~^^
  File "/usr/lib/python3/dist-packages/urllib3/connection.py", line 205, in _new_conn
    raise NameResolutionError(self.host, self, e) from e
urllib3.exceptions.NameResolutionError: <urllib3.connection.HTTPSConnection object at 0x7d1565b01e50>: Failed to resolve 'icare.lt-integra.com' ([Errno -3] Temporary failure in name resolution)

The above exception was the direct cause of the following exception:

Traceback (most recent call last):
  File "/usr/lib/python3/dist-packages/requests/adapters.py", line 667, in send
    resp = conn.urlopen(
        method=request.method,
    ...<9 lines>...
        chunked=chunked,
    )
  File "/usr/lib/python3/dist-packages/urllib3/connectionpool.py", line 841, in urlopen
    retries = retries.increment(
        method, url, error=new_e, _pool=self, _stacktrace=sys.exc_info()[2]
    )
  File "/usr/lib/python3/dist-packages/urllib3/util/retry.py", line 519, in increment
    raise MaxRetryError(_pool, url, reason) from reason  # type: ignore[arg-type]
    ^^^^^^^^^^^^^^^^^^^^^^^^^^^^^^^^^^^^^^^^^^^^^^^^^^^
urllib3.exceptions.MaxRetryError: HTTPSConnectionPool(host='icare.lt-integra.com', port=443): Max retries exceeded with url: /otrs/index.pl (Caused by NameResolutionError("<urllib3.connection.HTTPSConnection object at 0x7d1565b01e50>: Failed to resolve 'icare.lt-integra.com' ([Errno -3] Temporary failure in name resolution)"))

During handling of the above exception, another exception occurred:

Traceback (most recent call last):
  File "/home/ismail/Downloads/Project Lainnya/Project Lain 1/scripts/otrs_history_fetcher.py", line 485, in <module>
    main()
    ~~~~^^
  File "/home/ismail/Downloads/Project Lainnya/Project Lain 1/scripts/otrs_history_fetcher.py", line 448, in main
    session, sess_id = get_session()
                       ~~~~~~~~~~~^^
  File "/home/ismail/Downloads/Project Lainnya/Project Lain 1/scripts/otrs_close_bridge.py", line 69, in get_session
    r_login = s_new.post(BASE_URL, data=login_payload, headers=DEFAULT_HEADERS, timeout=15)
  File "/usr/lib/python3/dist-packages/requests/sessions.py", line 637, in post
    return self.request("POST", url, data=data, json=json, **kwargs)
           ~~~~~~~~~~~~^^^^^^^^^^^^^^^^^^^^^^^^^^^^^^^^^^^^^^^^^^^^^
  File "/usr/lib/python3/dist-packages/requests/sessions.py", line 589, in request
    resp = self.send(prep, **send_kwargs)
  File "/usr/lib/python3/dist-packages/requests/sessions.py", line 703, in send
    r = adapter.send(request, **kwargs)
  File "/usr/lib/python3/dist-packages/requests/adapters.py", line 700, in send
    raise ConnectionError(e, request=request)
requests.exceptions.ConnectionError: HTTPSConnectionPool(host='icare.lt-integra.com', port=443): Max retries exceeded with url: /otrs/index.pl (Caused by NameResolutionError("<urllib3.connection.HTTPSConnection object at 0x7d1565b01e50>: Failed to resolve 'icare.lt-integra.com' ([Errno -3] Temporary failure in name resolution)"))

📊 Total unique tickets to sync: 0
ℹ️  No active tickets found in queue.

[18.35.37] 🚀 Starting iCare OTRS -> Supabase Synchronization...
📡 Fetching active tickets from iCare OTRS...
❌ Active fetch error: Fetcher exited with code 1: Traceback (most recent call last):
  File "/usr/lib/python3/dist-packages/urllib3/connection.py", line 198, in _new_conn
    sock = connection.create_connection(
        (self._dns_host, self.port),
    ...<2 lines>...
        socket_options=self.socket_options,
    )
  File "/usr/lib/python3/dist-packages/urllib3/util/connection.py", line 60, in create_connection
    for res in socket.getaddrinfo(host, port, family, socket.SOCK_STREAM):
               ~~~~~~~~~~~~~~~~~~^^^^^^^^^^^^^^^^^^^^^^^^^^^^^^^^^^^^^^^^
  File "/usr/lib/python3.13/socket.py", line 977, in getaddrinfo
    for res in _socket.getaddrinfo(host, port, family, type, proto, flags):
               ~~~~~~~~~~~~~~~~~~~^^^^^^^^^^^^^^^^^^^^^^^^^^^^^^^^^^^^^^^^
socket.gaierror: [Errno -3] Temporary failure in name resolution

The above exception was the direct cause of the following exception:

Traceback (most recent call last):
  File "/usr/lib/python3/dist-packages/urllib3/connectionpool.py", line 787, in urlopen
    response = self._make_request(
        conn,
    ...<10 lines>...
        **response_kw,
    )
  File "/usr/lib/python3/dist-packages/urllib3/connectionpool.py", line 488, in _make_request
    raise new_e
  File "/usr/lib/python3/dist-packages/urllib3/connectionpool.py", line 464, in _make_request
    self._validate_conn(conn)
    ~~~~~~~~~~~~~~~~~~~^^^^^^
  File "/usr/lib/python3/dist-packages/urllib3/connectionpool.py", line 1105, in _validate_conn
    conn.connect()
    ~~~~~~~~~~~~^^
  File "/usr/lib/python3/dist-packages/urllib3/connection.py", line 704, in connect
    self.sock = sock = self._new_conn()
                       ~~~~~~~~~~~~~~^^
  File "/usr/lib/python3/dist-packages/urllib3/connection.py", line 205, in _new_conn
    raise NameResolutionError(self.host, self, e) from e
urllib3.exceptions.NameResolutionError: <urllib3.connection.HTTPSConnection object at 0x7036a1939e50>: Failed to resolve 'icare.lt-integra.com' ([Errno -3] Temporary failure in name resolution)

The above exception was the direct cause of the following exception:

Traceback (most recent call last):
  File "/usr/lib/python3/dist-packages/requests/adapters.py", line 667, in send
    resp = conn.urlopen(
        method=request.method,
    ...<9 lines>...
        chunked=chunked,
    )
  File "/usr/lib/python3/dist-packages/urllib3/connectionpool.py", line 841, in urlopen
    retries = retries.increment(
        method, url, error=new_e, _pool=self, _stacktrace=sys.exc_info()[2]
    )
  File "/usr/lib/python3/dist-packages/urllib3/util/retry.py", line 519, in increment
    raise MaxRetryError(_pool, url, reason) from reason  # type: ignore[arg-type]
    ^^^^^^^^^^^^^^^^^^^^^^^^^^^^^^^^^^^^^^^^^^^^^^^^^^^
urllib3.exceptions.MaxRetryError: HTTPSConnectionPool(host='icare.lt-integra.com', port=443): Max retries exceeded with url: /otrs/index.pl (Caused by NameResolutionError("<urllib3.connection.HTTPSConnection object at 0x7036a1939e50>: Failed to resolve 'icare.lt-integra.com' ([Errno -3] Temporary failure in name resolution)"))

During handling of the above exception, another exception occurred:

Traceback (most recent call last):
  File "/home/ismail/Downloads/Project Lainnya/Project Lain 1/scripts/otrs_history_fetcher.py", line 485, in <module>
    main()
    ~~~~^^
  File "/home/ismail/Downloads/Project Lainnya/Project Lain 1/scripts/otrs_history_fetcher.py", line 448, in main
    session, sess_id = get_session()
                       ~~~~~~~~~~~^^
  File "/home/ismail/Downloads/Project Lainnya/Project Lain 1/scripts/otrs_close_bridge.py", line 69, in get_session
    r_login = s_new.post(BASE_URL, data=login_payload, headers=DEFAULT_HEADERS, timeout=15)
  File "/usr/lib/python3/dist-packages/requests/sessions.py", line 637, in post
    return self.request("POST", url, data=data, json=json, **kwargs)
           ~~~~~~~~~~~~^^^^^^^^^^^^^^^^^^^^^^^^^^^^^^^^^^^^^^^^^^^^^
  File "/usr/lib/python3/dist-packages/requests/sessions.py", line 589, in request
    resp = self.send(prep, **send_kwargs)
  File "/usr/lib/python3/dist-packages/requests/sessions.py", line 703, in send
    r = adapter.send(request, **kwargs)
  File "/usr/lib/python3/dist-packages/requests/adapters.py", line 700, in send
    raise ConnectionError(e, request=request)
requests.exceptions.ConnectionError: HTTPSConnectionPool(host='icare.lt-integra.com', port=443): Max retries exceeded with url: /otrs/index.pl (Caused by NameResolutionError("<urllib3.connection.HTTPSConnection object at 0x7036a1939e50>: Failed to resolve 'icare.lt-integra.com' ([Errno -3] Temporary failure in name resolution)"))

📊 Total unique tickets to sync: 0
ℹ️  No active tickets found in queue.

[18.38.37] 🚀 Starting iCare OTRS -> Supabase Synchronization...
📡 Fetching active tickets from iCare OTRS...
❌ Active fetch error: Fetcher exited with code 1: Traceback (most recent call last):
  File "/usr/lib/python3/dist-packages/urllib3/connection.py", line 198, in _new_conn
    sock = connection.create_connection(
        (self._dns_host, self.port),
    ...<2 lines>...
        socket_options=self.socket_options,
    )
  File "/usr/lib/python3/dist-packages/urllib3/util/connection.py", line 60, in create_connection
    for res in socket.getaddrinfo(host, port, family, socket.SOCK_STREAM):
               ~~~~~~~~~~~~~~~~~~^^^^^^^^^^^^^^^^^^^^^^^^^^^^^^^^^^^^^^^^
  File "/usr/lib/python3.13/socket.py", line 977, in getaddrinfo
    for res in _socket.getaddrinfo(host, port, family, type, proto, flags):
               ~~~~~~~~~~~~~~~~~~~^^^^^^^^^^^^^^^^^^^^^^^^^^^^^^^^^^^^^^^^
socket.gaierror: [Errno -3] Temporary failure in name resolution

The above exception was the direct cause of the following exception:

Traceback (most recent call last):
  File "/usr/lib/python3/dist-packages/urllib3/connectionpool.py", line 787, in urlopen
    response = self._make_request(
        conn,
    ...<10 lines>...
        **response_kw,
    )
  File "/usr/lib/python3/dist-packages/urllib3/connectionpool.py", line 488, in _make_request
    raise new_e
  File "/usr/lib/python3/dist-packages/urllib3/connectionpool.py", line 464, in _make_request
    self._validate_conn(conn)
    ~~~~~~~~~~~~~~~~~~~^^^^^^
  File "/usr/lib/python3/dist-packages/urllib3/connectionpool.py", line 1105, in _validate_conn
    conn.connect()
    ~~~~~~~~~~~~^^
  File "/usr/lib/python3/dist-packages/urllib3/connection.py", line 704, in connect
    self.sock = sock = self._new_conn()
                       ~~~~~~~~~~~~~~^^
  File "/usr/lib/python3/dist-packages/urllib3/connection.py", line 205, in _new_conn
    raise NameResolutionError(self.host, self, e) from e
urllib3.exceptions.NameResolutionError: <urllib3.connection.HTTPSConnection object at 0x7a2fba9bde50>: Failed to resolve 'icare.lt-integra.com' ([Errno -3] Temporary failure in name resolution)

The above exception was the direct cause of the following exception:

Traceback (most recent call last):
  File "/usr/lib/python3/dist-packages/requests/adapters.py", line 667, in send
    resp = conn.urlopen(
        method=request.method,
    ...<9 lines>...
        chunked=chunked,
    )
  File "/usr/lib/python3/dist-packages/urllib3/connectionpool.py", line 841, in urlopen
    retries = retries.increment(
        method, url, error=new_e, _pool=self, _stacktrace=sys.exc_info()[2]
    )
  File "/usr/lib/python3/dist-packages/urllib3/util/retry.py", line 519, in increment
    raise MaxRetryError(_pool, url, reason) from reason  # type: ignore[arg-type]
    ^^^^^^^^^^^^^^^^^^^^^^^^^^^^^^^^^^^^^^^^^^^^^^^^^^^
urllib3.exceptions.MaxRetryError: HTTPSConnectionPool(host='icare.lt-integra.com', port=443): Max retries exceeded with url: /otrs/index.pl (Caused by NameResolutionError("<urllib3.connection.HTTPSConnection object at 0x7a2fba9bde50>: Failed to resolve 'icare.lt-integra.com' ([Errno -3] Temporary failure in name resolution)"))

During handling of the above exception, another exception occurred:

Traceback (most recent call last):
  File "/home/ismail/Downloads/Project Lainnya/Project Lain 1/scripts/otrs_history_fetcher.py", line 485, in <module>
    main()
    ~~~~^^
  File "/home/ismail/Downloads/Project Lainnya/Project Lain 1/scripts/otrs_history_fetcher.py", line 448, in main
    session, sess_id = get_session()
                       ~~~~~~~~~~~^^
  File "/home/ismail/Downloads/Project Lainnya/Project Lain 1/scripts/otrs_close_bridge.py", line 69, in get_session
    r_login = s_new.post(BASE_URL, data=login_payload, headers=DEFAULT_HEADERS, timeout=15)
  File "/usr/lib/python3/dist-packages/requests/sessions.py", line 637, in post
    return self.request("POST", url, data=data, json=json, **kwargs)
           ~~~~~~~~~~~~^^^^^^^^^^^^^^^^^^^^^^^^^^^^^^^^^^^^^^^^^^^^^
  File "/usr/lib/python3/dist-packages/requests/sessions.py", line 589, in request
    resp = self.send(prep, **send_kwargs)
  File "/usr/lib/python3/dist-packages/requests/sessions.py", line 703, in send
    r = adapter.send(request, **kwargs)
  File "/usr/lib/python3/dist-packages/requests/adapters.py", line 700, in send
    raise ConnectionError(e, request=request)
requests.exceptions.ConnectionError: HTTPSConnectionPool(host='icare.lt-integra.com', port=443): Max retries exceeded with url: /otrs/index.pl (Caused by NameResolutionError("<urllib3.connection.HTTPSConnection object at 0x7a2fba9bde50>: Failed to resolve 'icare.lt-integra.com' ([Errno -3] Temporary failure in name resolution)"))

📊 Total unique tickets to sync: 0
ℹ️  No active tickets found in queue.

[18.41.37] 🚀 Starting iCare OTRS -> Supabase Synchronization...
📡 Fetching active tickets from iCare OTRS...
❌ Active fetch error: Fetcher exited with code 1: Traceback (most recent call last):
  File "/usr/lib/python3/dist-packages/urllib3/connection.py", line 198, in _new_conn
    sock = connection.create_connection(
        (self._dns_host, self.port),
    ...<2 lines>...
        socket_options=self.socket_options,
    )
  File "/usr/lib/python3/dist-packages/urllib3/util/connection.py", line 60, in create_connection
    for res in socket.getaddrinfo(host, port, family, socket.SOCK_STREAM):
               ~~~~~~~~~~~~~~~~~~^^^^^^^^^^^^^^^^^^^^^^^^^^^^^^^^^^^^^^^^
  File "/usr/lib/python3.13/socket.py", line 977, in getaddrinfo
    for res in _socket.getaddrinfo(host, port, family, type, proto, flags):
               ~~~~~~~~~~~~~~~~~~~^^^^^^^^^^^^^^^^^^^^^^^^^^^^^^^^^^^^^^^^
socket.gaierror: [Errno -3] Temporary failure in name resolution

The above exception was the direct cause of the following exception:

Traceback (most recent call last):
  File "/usr/lib/python3/dist-packages/urllib3/connectionpool.py", line 787, in urlopen
    response = self._make_request(
        conn,
    ...<10 lines>...
        **response_kw,
    )
  File "/usr/lib/python3/dist-packages/urllib3/connectionpool.py", line 488, in _make_request
    raise new_e
  File "/usr/lib/python3/dist-packages/urllib3/connectionpool.py", line 464, in _make_request
    self._validate_conn(conn)
    ~~~~~~~~~~~~~~~~~~~^^^^^^
  File "/usr/lib/python3/dist-packages/urllib3/connectionpool.py", line 1105, in _validate_conn
    conn.connect()
    ~~~~~~~~~~~~^^
  File "/usr/lib/python3/dist-packages/urllib3/connection.py", line 704, in connect
    self.sock = sock = self._new_conn()
                       ~~~~~~~~~~~~~~^^
  File "/usr/lib/python3/dist-packages/urllib3/connection.py", line 205, in _new_conn
    raise NameResolutionError(self.host, self, e) from e
urllib3.exceptions.NameResolutionError: <urllib3.connection.HTTPSConnection object at 0x7742a9f9de50>: Failed to resolve 'icare.lt-integra.com' ([Errno -3] Temporary failure in name resolution)

The above exception was the direct cause of the following exception:

Traceback (most recent call last):
  File "/usr/lib/python3/dist-packages/requests/adapters.py", line 667, in send
    resp = conn.urlopen(
        method=request.method,
    ...<9 lines>...
        chunked=chunked,
    )
  File "/usr/lib/python3/dist-packages/urllib3/connectionpool.py", line 841, in urlopen
    retries = retries.increment(
        method, url, error=new_e, _pool=self, _stacktrace=sys.exc_info()[2]
    )
  File "/usr/lib/python3/dist-packages/urllib3/util/retry.py", line 519, in increment
    raise MaxRetryError(_pool, url, reason) from reason  # type: ignore[arg-type]
    ^^^^^^^^^^^^^^^^^^^^^^^^^^^^^^^^^^^^^^^^^^^^^^^^^^^
urllib3.exceptions.MaxRetryError: HTTPSConnectionPool(host='icare.lt-integra.com', port=443): Max retries exceeded with url: /otrs/index.pl (Caused by NameResolutionError("<urllib3.connection.HTTPSConnection object at 0x7742a9f9de50>: Failed to resolve 'icare.lt-integra.com' ([Errno -3] Temporary failure in name resolution)"))

During handling of the above exception, another exception occurred:

Traceback (most recent call last):
  File "/home/ismail/Downloads/Project Lainnya/Project Lain 1/scripts/otrs_history_fetcher.py", line 485, in <module>
    main()
    ~~~~^^
  File "/home/ismail/Downloads/Project Lainnya/Project Lain 1/scripts/otrs_history_fetcher.py", line 448, in main
    session, sess_id = get_session()
                       ~~~~~~~~~~~^^
  File "/home/ismail/Downloads/Project Lainnya/Project Lain 1/scripts/otrs_close_bridge.py", line 69, in get_session
    r_login = s_new.post(BASE_URL, data=login_payload, headers=DEFAULT_HEADERS, timeout=15)
  File "/usr/lib/python3/dist-packages/requests/sessions.py", line 637, in post
    return self.request("POST", url, data=data, json=json, **kwargs)
           ~~~~~~~~~~~~^^^^^^^^^^^^^^^^^^^^^^^^^^^^^^^^^^^^^^^^^^^^^
  File "/usr/lib/python3/dist-packages/requests/sessions.py", line 589, in request
    resp = self.send(prep, **send_kwargs)
  File "/usr/lib/python3/dist-packages/requests/sessions.py", line 703, in send
    r = adapter.send(request, **kwargs)
  File "/usr/lib/python3/dist-packages/requests/adapters.py", line 700, in send
    raise ConnectionError(e, request=request)
requests.exceptions.ConnectionError: HTTPSConnectionPool(host='icare.lt-integra.com', port=443): Max retries exceeded with url: /otrs/index.pl (Caused by NameResolutionError("<urllib3.connection.HTTPSConnection object at 0x7742a9f9de50>: Failed to resolve 'icare.lt-integra.com' ([Errno -3] Temporary failure in name resolution)"))

📊 Total unique tickets to sync: 0
ℹ️  No active tickets found in queue.

[18.44.37] 🚀 Starting iCare OTRS -> Supabase Synchronization...
📡 Fetching active tickets from iCare OTRS...
❌ Active fetch error: Fetcher exited with code 1: Traceback (most recent call last):
  File "/usr/lib/python3/dist-packages/urllib3/connection.py", line 198, in _new_conn
    sock = connection.create_connection(
        (self._dns_host, self.port),
    ...<2 lines>...
        socket_options=self.socket_options,
    )
  File "/usr/lib/python3/dist-packages/urllib3/util/connection.py", line 60, in create_connection
    for res in socket.getaddrinfo(host, port, family, socket.SOCK_STREAM):
               ~~~~~~~~~~~~~~~~~~^^^^^^^^^^^^^^^^^^^^^^^^^^^^^^^^^^^^^^^^
  File "/usr/lib/python3.13/socket.py", line 977, in getaddrinfo
    for res in _socket.getaddrinfo(host, port, family, type, proto, flags):
               ~~~~~~~~~~~~~~~~~~~^^^^^^^^^^^^^^^^^^^^^^^^^^^^^^^^^^^^^^^^
socket.gaierror: [Errno -3] Temporary failure in name resolution

The above exception was the direct cause of the following exception:

Traceback (most recent call last):
  File "/usr/lib/python3/dist-packages/urllib3/connectionpool.py", line 787, in urlopen
    response = self._make_request(
        conn,
    ...<10 lines>...
        **response_kw,
    )
  File "/usr/lib/python3/dist-packages/urllib3/connectionpool.py", line 488, in _make_request
    raise new_e
  File "/usr/lib/python3/dist-packages/urllib3/connectionpool.py", line 464, in _make_request
    self._validate_conn(conn)
    ~~~~~~~~~~~~~~~~~~~^^^^^^
  File "/usr/lib/python3/dist-packages/urllib3/connectionpool.py", line 1105, in _validate_conn
    conn.connect()
    ~~~~~~~~~~~~^^
  File "/usr/lib/python3/dist-packages/urllib3/connection.py", line 704, in connect
    self.sock = sock = self._new_conn()
                       ~~~~~~~~~~~~~~^^
  File "/usr/lib/python3/dist-packages/urllib3/connection.py", line 205, in _new_conn
    raise NameResolutionError(self.host, self, e) from e
urllib3.exceptions.NameResolutionError: <urllib3.connection.HTTPSConnection object at 0x780cb0669e50>: Failed to resolve 'icare.lt-integra.com' ([Errno -3] Temporary failure in name resolution)

The above exception was the direct cause of the following exception:

Traceback (most recent call last):
  File "/usr/lib/python3/dist-packages/requests/adapters.py", line 667, in send
    resp = conn.urlopen(
        method=request.method,
    ...<9 lines>...
        chunked=chunked,
    )
  File "/usr/lib/python3/dist-packages/urllib3/connectionpool.py", line 841, in urlopen
    retries = retries.increment(
        method, url, error=new_e, _pool=self, _stacktrace=sys.exc_info()[2]
    )
  File "/usr/lib/python3/dist-packages/urllib3/util/retry.py", line 519, in increment
    raise MaxRetryError(_pool, url, reason) from reason  # type: ignore[arg-type]
    ^^^^^^^^^^^^^^^^^^^^^^^^^^^^^^^^^^^^^^^^^^^^^^^^^^^
urllib3.exceptions.MaxRetryError: HTTPSConnectionPool(host='icare.lt-integra.com', port=443): Max retries exceeded with url: /otrs/index.pl (Caused by NameResolutionError("<urllib3.connection.HTTPSConnection object at 0x780cb0669e50>: Failed to resolve 'icare.lt-integra.com' ([Errno -3] Temporary failure in name resolution)"))

During handling of the above exception, another exception occurred:

Traceback (most recent call last):
  File "/home/ismail/Downloads/Project Lainnya/Project Lain 1/scripts/otrs_history_fetcher.py", line 485, in <module>
    main()
    ~~~~^^
  File "/home/ismail/Downloads/Project Lainnya/Project Lain 1/scripts/otrs_history_fetcher.py", line 448, in main
    session, sess_id = get_session()
                       ~~~~~~~~~~~^^
  File "/home/ismail/Downloads/Project Lainnya/Project Lain 1/scripts/otrs_close_bridge.py", line 69, in get_session
    r_login = s_new.post(BASE_URL, data=login_payload, headers=DEFAULT_HEADERS, timeout=15)
  File "/usr/lib/python3/dist-packages/requests/sessions.py", line 637, in post
    return self.request("POST", url, data=data, json=json, **kwargs)
           ~~~~~~~~~~~~^^^^^^^^^^^^^^^^^^^^^^^^^^^^^^^^^^^^^^^^^^^^^
  File "/usr/lib/python3/dist-packages/requests/sessions.py", line 589, in request
    resp = self.send(prep, **send_kwargs)
  File "/usr/lib/python3/dist-packages/requests/sessions.py", line 703, in send
    r = adapter.send(request, **kwargs)
  File "/usr/lib/python3/dist-packages/requests/adapters.py", line 700, in send
    raise ConnectionError(e, request=request)
requests.exceptions.ConnectionError: HTTPSConnectionPool(host='icare.lt-integra.com', port=443): Max retries exceeded with url: /otrs/index.pl (Caused by NameResolutionError("<urllib3.connection.HTTPSConnection object at 0x780cb0669e50>: Failed to resolve 'icare.lt-integra.com' ([Errno -3] Temporary failure in name resolution)"))

📊 Total unique tickets to sync: 0
ℹ️  No active tickets found in queue.

[18.47.37] 🚀 Starting iCare OTRS -> Supabase Synchronization...
📡 Fetching active tickets from iCare OTRS...
❌ Active fetch error: Fetcher exited with code 1: Traceback (most recent call last):
  File "/usr/lib/python3/dist-packages/urllib3/connection.py", line 198, in _new_conn
    sock = connection.create_connection(
        (self._dns_host, self.port),
    ...<2 lines>...
        socket_options=self.socket_options,
    )
  File "/usr/lib/python3/dist-packages/urllib3/util/connection.py", line 60, in create_connection
    for res in socket.getaddrinfo(host, port, family, socket.SOCK_STREAM):
               ~~~~~~~~~~~~~~~~~~^^^^^^^^^^^^^^^^^^^^^^^^^^^^^^^^^^^^^^^^
  File "/usr/lib/python3.13/socket.py", line 977, in getaddrinfo
    for res in _socket.getaddrinfo(host, port, family, type, proto, flags):
               ~~~~~~~~~~~~~~~~~~~^^^^^^^^^^^^^^^^^^^^^^^^^^^^^^^^^^^^^^^^
socket.gaierror: [Errno -3] Temporary failure in name resolution

The above exception was the direct cause of the following exception:

Traceback (most recent call last):
  File "/usr/lib/python3/dist-packages/urllib3/connectionpool.py", line 787, in urlopen
    response = self._make_request(
        conn,
    ...<10 lines>...
        **response_kw,
    )
  File "/usr/lib/python3/dist-packages/urllib3/connectionpool.py", line 488, in _make_request
    raise new_e
  File "/usr/lib/python3/dist-packages/urllib3/connectionpool.py", line 464, in _make_request
    self._validate_conn(conn)
    ~~~~~~~~~~~~~~~~~~~^^^^^^
  File "/usr/lib/python3/dist-packages/urllib3/connectionpool.py", line 1105, in _validate_conn
    conn.connect()
    ~~~~~~~~~~~~^^
  File "/usr/lib/python3/dist-packages/urllib3/connection.py", line 704, in connect
    self.sock = sock = self._new_conn()
                       ~~~~~~~~~~~~~~^^
  File "/usr/lib/python3/dist-packages/urllib3/connection.py", line 205, in _new_conn
    raise NameResolutionError(self.host, self, e) from e
urllib3.exceptions.NameResolutionError: <urllib3.connection.HTTPSConnection object at 0x7f776f9cde50>: Failed to resolve 'icare.lt-integra.com' ([Errno -3] Temporary failure in name resolution)

The above exception was the direct cause of the following exception:

Traceback (most recent call last):
  File "/usr/lib/python3/dist-packages/requests/adapters.py", line 667, in send
    resp = conn.urlopen(
        method=request.method,
    ...<9 lines>...
        chunked=chunked,
    )
  File "/usr/lib/python3/dist-packages/urllib3/connectionpool.py", line 841, in urlopen
    retries = retries.increment(
        method, url, error=new_e, _pool=self, _stacktrace=sys.exc_info()[2]
    )
  File "/usr/lib/python3/dist-packages/urllib3/util/retry.py", line 519, in increment
    raise MaxRetryError(_pool, url, reason) from reason  # type: ignore[arg-type]
    ^^^^^^^^^^^^^^^^^^^^^^^^^^^^^^^^^^^^^^^^^^^^^^^^^^^
urllib3.exceptions.MaxRetryError: HTTPSConnectionPool(host='icare.lt-integra.com', port=443): Max retries exceeded with url: /otrs/index.pl (Caused by NameResolutionError("<urllib3.connection.HTTPSConnection object at 0x7f776f9cde50>: Failed to resolve 'icare.lt-integra.com' ([Errno -3] Temporary failure in name resolution)"))

During handling of the above exception, another exception occurred:

Traceback (most recent call last):
  File "/home/ismail/Downloads/Project Lainnya/Project Lain 1/scripts/otrs_history_fetcher.py", line 485, in <module>
    main()
    ~~~~^^
  File "/home/ismail/Downloads/Project Lainnya/Project Lain 1/scripts/otrs_history_fetcher.py", line 448, in main
    session, sess_id = get_session()
                       ~~~~~~~~~~~^^
  File "/home/ismail/Downloads/Project Lainnya/Project Lain 1/scripts/otrs_close_bridge.py", line 69, in get_session
    r_login = s_new.post(BASE_URL, data=login_payload, headers=DEFAULT_HEADERS, timeout=15)
  File "/usr/lib/python3/dist-packages/requests/sessions.py", line 637, in post
    return self.request("POST", url, data=data, json=json, **kwargs)
           ~~~~~~~~~~~~^^^^^^^^^^^^^^^^^^^^^^^^^^^^^^^^^^^^^^^^^^^^^
  File "/usr/lib/python3/dist-packages/requests/sessions.py", line 589, in request
    resp = self.send(prep, **send_kwargs)
  File "/usr/lib/python3/dist-packages/requests/sessions.py", line 703, in send
    r = adapter.send(request, **kwargs)
  File "/usr/lib/python3/dist-packages/requests/adapters.py", line 700, in send
    raise ConnectionError(e, request=request)
requests.exceptions.ConnectionError: HTTPSConnectionPool(host='icare.lt-integra.com', port=443): Max retries exceeded with url: /otrs/index.pl (Caused by NameResolutionError("<urllib3.connection.HTTPSConnection object at 0x7f776f9cde50>: Failed to resolve 'icare.lt-integra.com' ([Errno -3] Temporary failure in name resolution)"))

📊 Total unique tickets to sync: 0
ℹ️  No active tickets found in queue.

[18.50.38] 🚀 Starting iCare OTRS -> Supabase Synchronization...
📡 Fetching active tickets from iCare OTRS...
❌ Active fetch error: Fetcher exited with code 1: Traceback (most recent call last):
  File "/usr/lib/python3/dist-packages/urllib3/connection.py", line 198, in _new_conn
    sock = connection.create_connection(
        (self._dns_host, self.port),
    ...<2 lines>...
        socket_options=self.socket_options,
    )
  File "/usr/lib/python3/dist-packages/urllib3/util/connection.py", line 60, in create_connection
    for res in socket.getaddrinfo(host, port, family, socket.SOCK_STREAM):
               ~~~~~~~~~~~~~~~~~~^^^^^^^^^^^^^^^^^^^^^^^^^^^^^^^^^^^^^^^^
  File "/usr/lib/python3.13/socket.py", line 977, in getaddrinfo
    for res in _socket.getaddrinfo(host, port, family, type, proto, flags):
               ~~~~~~~~~~~~~~~~~~~^^^^^^^^^^^^^^^^^^^^^^^^^^^^^^^^^^^^^^^^
socket.gaierror: [Errno -3] Temporary failure in name resolution

The above exception was the direct cause of the following exception:

Traceback (most recent call last):
  File "/usr/lib/python3/dist-packages/urllib3/connectionpool.py", line 787, in urlopen
    response = self._make_request(
        conn,
    ...<10 lines>...
        **response_kw,
    )
  File "/usr/lib/python3/dist-packages/urllib3/connectionpool.py", line 488, in _make_request
    raise new_e
  File "/usr/lib/python3/dist-packages/urllib3/connectionpool.py", line 464, in _make_request
    self._validate_conn(conn)
    ~~~~~~~~~~~~~~~~~~~^^^^^^
  File "/usr/lib/python3/dist-packages/urllib3/connectionpool.py", line 1105, in _validate_conn
    conn.connect()
    ~~~~~~~~~~~~^^
  File "/usr/lib/python3/dist-packages/urllib3/connection.py", line 704, in connect
    self.sock = sock = self._new_conn()
                       ~~~~~~~~~~~~~~^^
  File "/usr/lib/python3/dist-packages/urllib3/connection.py", line 205, in _new_conn
    raise NameResolutionError(self.host, self, e) from e
urllib3.exceptions.NameResolutionError: <urllib3.connection.HTTPSConnection object at 0x713c0a5bde50>: Failed to resolve 'icare.lt-integra.com' ([Errno -3] Temporary failure in name resolution)

The above exception was the direct cause of the following exception:

Traceback (most recent call last):
  File "/usr/lib/python3/dist-packages/requests/adapters.py", line 667, in send
    resp = conn.urlopen(
        method=request.method,
    ...<9 lines>...
        chunked=chunked,
    )
  File "/usr/lib/python3/dist-packages/urllib3/connectionpool.py", line 841, in urlopen
    retries = retries.increment(
        method, url, error=new_e, _pool=self, _stacktrace=sys.exc_info()[2]
    )
  File "/usr/lib/python3/dist-packages/urllib3/util/retry.py", line 519, in increment
    raise MaxRetryError(_pool, url, reason) from reason  # type: ignore[arg-type]
    ^^^^^^^^^^^^^^^^^^^^^^^^^^^^^^^^^^^^^^^^^^^^^^^^^^^
urllib3.exceptions.MaxRetryError: HTTPSConnectionPool(host='icare.lt-integra.com', port=443): Max retries exceeded with url: /otrs/index.pl (Caused by NameResolutionError("<urllib3.connection.HTTPSConnection object at 0x713c0a5bde50>: Failed to resolve 'icare.lt-integra.com' ([Errno -3] Temporary failure in name resolution)"))

During handling of the above exception, another exception occurred:

Traceback (most recent call last):
  File "/home/ismail/Downloads/Project Lainnya/Project Lain 1/scripts/otrs_history_fetcher.py", line 485, in <module>
    main()
    ~~~~^^
  File "/home/ismail/Downloads/Project Lainnya/Project Lain 1/scripts/otrs_history_fetcher.py", line 448, in main
    session, sess_id = get_session()
                       ~~~~~~~~~~~^^
  File "/home/ismail/Downloads/Project Lainnya/Project Lain 1/scripts/otrs_close_bridge.py", line 69, in get_session
    r_login = s_new.post(BASE_URL, data=login_payload, headers=DEFAULT_HEADERS, timeout=15)
  File "/usr/lib/python3/dist-packages/requests/sessions.py", line 637, in post
    return self.request("POST", url, data=data, json=json, **kwargs)
           ~~~~~~~~~~~~^^^^^^^^^^^^^^^^^^^^^^^^^^^^^^^^^^^^^^^^^^^^^
  File "/usr/lib/python3/dist-packages/requests/sessions.py", line 589, in request
    resp = self.send(prep, **send_kwargs)
  File "/usr/lib/python3/dist-packages/requests/sessions.py", line 703, in send
    r = adapter.send(request, **kwargs)
  File "/usr/lib/python3/dist-packages/requests/adapters.py", line 700, in send
    raise ConnectionError(e, request=request)
requests.exceptions.ConnectionError: HTTPSConnectionPool(host='icare.lt-integra.com', port=443): Max retries exceeded with url: /otrs/index.pl (Caused by NameResolutionError("<urllib3.connection.HTTPSConnection object at 0x713c0a5bde50>: Failed to resolve 'icare.lt-integra.com' ([Errno -3] Temporary failure in name resolution)"))

📊 Total unique tickets to sync: 0
ℹ️  No active tickets found in queue.

[18.53.38] 🚀 Starting iCare OTRS -> Supabase Synchronization...
📡 Fetching active tickets from iCare OTRS...
❌ Active fetch error: Fetcher exited with code 1: Traceback (most recent call last):
  File "/usr/lib/python3/dist-packages/urllib3/connection.py", line 198, in _new_conn
    sock = connection.create_connection(
        (self._dns_host, self.port),
    ...<2 lines>...
        socket_options=self.socket_options,
    )
  File "/usr/lib/python3/dist-packages/urllib3/util/connection.py", line 60, in create_connection
    for res in socket.getaddrinfo(host, port, family, socket.SOCK_STREAM):
               ~~~~~~~~~~~~~~~~~~^^^^^^^^^^^^^^^^^^^^^^^^^^^^^^^^^^^^^^^^
  File "/usr/lib/python3.13/socket.py", line 977, in getaddrinfo
    for res in _socket.getaddrinfo(host, port, family, type, proto, flags):
               ~~~~~~~~~~~~~~~~~~~^^^^^^^^^^^^^^^^^^^^^^^^^^^^^^^^^^^^^^^^
socket.gaierror: [Errno -3] Temporary failure in name resolution

The above exception was the direct cause of the following exception:

Traceback (most recent call last):
  File "/usr/lib/python3/dist-packages/urllib3/connectionpool.py", line 787, in urlopen
    response = self._make_request(
        conn,
    ...<10 lines>...
        **response_kw,
    )
  File "/usr/lib/python3/dist-packages/urllib3/connectionpool.py", line 488, in _make_request
    raise new_e
  File "/usr/lib/python3/dist-packages/urllib3/connectionpool.py", line 464, in _make_request
    self._validate_conn(conn)
    ~~~~~~~~~~~~~~~~~~~^^^^^^
  File "/usr/lib/python3/dist-packages/urllib3/connectionpool.py", line 1105, in _validate_conn
    conn.connect()
    ~~~~~~~~~~~~^^
  File "/usr/lib/python3/dist-packages/urllib3/connection.py", line 704, in connect
    self.sock = sock = self._new_conn()
                       ~~~~~~~~~~~~~~^^
  File "/usr/lib/python3/dist-packages/urllib3/connection.py", line 205, in _new_conn
    raise NameResolutionError(self.host, self, e) from e
urllib3.exceptions.NameResolutionError: <urllib3.connection.HTTPSConnection object at 0x7d4d26ad1e50>: Failed to resolve 'icare.lt-integra.com' ([Errno -3] Temporary failure in name resolution)

The above exception was the direct cause of the following exception:

Traceback (most recent call last):
  File "/usr/lib/python3/dist-packages/requests/adapters.py", line 667, in send
    resp = conn.urlopen(
        method=request.method,
    ...<9 lines>...
        chunked=chunked,
    )
  File "/usr/lib/python3/dist-packages/urllib3/connectionpool.py", line 841, in urlopen
    retries = retries.increment(
        method, url, error=new_e, _pool=self, _stacktrace=sys.exc_info()[2]
    )
  File "/usr/lib/python3/dist-packages/urllib3/util/retry.py", line 519, in increment
    raise MaxRetryError(_pool, url, reason) from reason  # type: ignore[arg-type]
    ^^^^^^^^^^^^^^^^^^^^^^^^^^^^^^^^^^^^^^^^^^^^^^^^^^^
urllib3.exceptions.MaxRetryError: HTTPSConnectionPool(host='icare.lt-integra.com', port=443): Max retries exceeded with url: /otrs/index.pl (Caused by NameResolutionError("<urllib3.connection.HTTPSConnection object at 0x7d4d26ad1e50>: Failed to resolve 'icare.lt-integra.com' ([Errno -3] Temporary failure in name resolution)"))

During handling of the above exception, another exception occurred:

Traceback (most recent call last):
  File "/home/ismail/Downloads/Project Lainnya/Project Lain 1/scripts/otrs_history_fetcher.py", line 485, in <module>
    main()
    ~~~~^^
  File "/home/ismail/Downloads/Project Lainnya/Project Lain 1/scripts/otrs_history_fetcher.py", line 448, in main
    session, sess_id = get_session()
                       ~~~~~~~~~~~^^
  File "/home/ismail/Downloads/Project Lainnya/Project Lain 1/scripts/otrs_close_bridge.py", line 69, in get_session
    r_login = s_new.post(BASE_URL, data=login_payload, headers=DEFAULT_HEADERS, timeout=15)
  File "/usr/lib/python3/dist-packages/requests/sessions.py", line 637, in post
    return self.request("POST", url, data=data, json=json, **kwargs)
           ~~~~~~~~~~~~^^^^^^^^^^^^^^^^^^^^^^^^^^^^^^^^^^^^^^^^^^^^^
  File "/usr/lib/python3/dist-packages/requests/sessions.py", line 589, in request
    resp = self.send(prep, **send_kwargs)
  File "/usr/lib/python3/dist-packages/requests/sessions.py", line 703, in send
    r = adapter.send(request, **kwargs)
  File "/usr/lib/python3/dist-packages/requests/adapters.py", line 700, in send
    raise ConnectionError(e, request=request)
requests.exceptions.ConnectionError: HTTPSConnectionPool(host='icare.lt-integra.com', port=443): Max retries exceeded with url: /otrs/index.pl (Caused by NameResolutionError("<urllib3.connection.HTTPSConnection object at 0x7d4d26ad1e50>: Failed to resolve 'icare.lt-integra.com' ([Errno -3] Temporary failure in name resolution)"))

📊 Total unique tickets to sync: 0
ℹ️  No active tickets found in queue.

[18.56.38] 🚀 Starting iCare OTRS -> Supabase Synchronization...
📡 Fetching active tickets from iCare OTRS...
❌ Active fetch error: Fetcher exited with code 1: Traceback (most recent call last):
  File "/usr/lib/python3/dist-packages/urllib3/connection.py", line 198, in _new_conn
    sock = connection.create_connection(
        (self._dns_host, self.port),
    ...<2 lines>...
        socket_options=self.socket_options,
    )
  File "/usr/lib/python3/dist-packages/urllib3/util/connection.py", line 60, in create_connection
    for res in socket.getaddrinfo(host, port, family, socket.SOCK_STREAM):
               ~~~~~~~~~~~~~~~~~~^^^^^^^^^^^^^^^^^^^^^^^^^^^^^^^^^^^^^^^^
  File "/usr/lib/python3.13/socket.py", line 977, in getaddrinfo
    for res in _socket.getaddrinfo(host, port, family, type, proto, flags):
               ~~~~~~~~~~~~~~~~~~~^^^^^^^^^^^^^^^^^^^^^^^^^^^^^^^^^^^^^^^^
socket.gaierror: [Errno -3] Temporary failure in name resolution

The above exception was the direct cause of the following exception:

Traceback (most recent call last):
  File "/usr/lib/python3/dist-packages/urllib3/connectionpool.py", line 787, in urlopen
    response = self._make_request(
        conn,
    ...<10 lines>...
        **response_kw,
    )
  File "/usr/lib/python3/dist-packages/urllib3/connectionpool.py", line 488, in _make_request
    raise new_e
  File "/usr/lib/python3/dist-packages/urllib3/connectionpool.py", line 464, in _make_request
    self._validate_conn(conn)
    ~~~~~~~~~~~~~~~~~~~^^^^^^
  File "/usr/lib/python3/dist-packages/urllib3/connectionpool.py", line 1105, in _validate_conn
    conn.connect()
    ~~~~~~~~~~~~^^
  File "/usr/lib/python3/dist-packages/urllib3/connection.py", line 704, in connect
    self.sock = sock = self._new_conn()
                       ~~~~~~~~~~~~~~^^
  File "/usr/lib/python3/dist-packages/urllib3/connection.py", line 205, in _new_conn
    raise NameResolutionError(self.host, self, e) from e
urllib3.exceptions.NameResolutionError: <urllib3.connection.HTTPSConnection object at 0x7130cae69e50>: Failed to resolve 'icare.lt-integra.com' ([Errno -3] Temporary failure in name resolution)

The above exception was the direct cause of the following exception:

Traceback (most recent call last):
  File "/usr/lib/python3/dist-packages/requests/adapters.py", line 667, in send
    resp = conn.urlopen(
        method=request.method,
    ...<9 lines>...
        chunked=chunked,
    )
  File "/usr/lib/python3/dist-packages/urllib3/connectionpool.py", line 841, in urlopen
    retries = retries.increment(
        method, url, error=new_e, _pool=self, _stacktrace=sys.exc_info()[2]
    )
  File "/usr/lib/python3/dist-packages/urllib3/util/retry.py", line 519, in increment
    raise MaxRetryError(_pool, url, reason) from reason  # type: ignore[arg-type]
    ^^^^^^^^^^^^^^^^^^^^^^^^^^^^^^^^^^^^^^^^^^^^^^^^^^^
urllib3.exceptions.MaxRetryError: HTTPSConnectionPool(host='icare.lt-integra.com', port=443): Max retries exceeded with url: /otrs/index.pl (Caused by NameResolutionError("<urllib3.connection.HTTPSConnection object at 0x7130cae69e50>: Failed to resolve 'icare.lt-integra.com' ([Errno -3] Temporary failure in name resolution)"))

During handling of the above exception, another exception occurred:

Traceback (most recent call last):
  File "/home/ismail/Downloads/Project Lainnya/Project Lain 1/scripts/otrs_history_fetcher.py", line 485, in <module>
    main()
    ~~~~^^
  File "/home/ismail/Downloads/Project Lainnya/Project Lain 1/scripts/otrs_history_fetcher.py", line 448, in main
    session, sess_id = get_session()
                       ~~~~~~~~~~~^^
  File "/home/ismail/Downloads/Project Lainnya/Project Lain 1/scripts/otrs_close_bridge.py", line 69, in get_session
    r_login = s_new.post(BASE_URL, data=login_payload, headers=DEFAULT_HEADERS, timeout=15)
  File "/usr/lib/python3/dist-packages/requests/sessions.py", line 637, in post
    return self.request("POST", url, data=data, json=json, **kwargs)
           ~~~~~~~~~~~~^^^^^^^^^^^^^^^^^^^^^^^^^^^^^^^^^^^^^^^^^^^^^
  File "/usr/lib/python3/dist-packages/requests/sessions.py", line 589, in request
    resp = self.send(prep, **send_kwargs)
  File "/usr/lib/python3/dist-packages/requests/sessions.py", line 703, in send
    r = adapter.send(request, **kwargs)
  File "/usr/lib/python3/dist-packages/requests/adapters.py", line 700, in send
    raise ConnectionError(e, request=request)
requests.exceptions.ConnectionError: HTTPSConnectionPool(host='icare.lt-integra.com', port=443): Max retries exceeded with url: /otrs/index.pl (Caused by NameResolutionError("<urllib3.connection.HTTPSConnection object at 0x7130cae69e50>: Failed to resolve 'icare.lt-integra.com' ([Errno -3] Temporary failure in name resolution)"))

📊 Total unique tickets to sync: 0
ℹ️  No active tickets found in queue.

[18.59.38] 🚀 Starting iCare OTRS -> Supabase Synchronization...
📡 Fetching active tickets from iCare OTRS...
❌ Active fetch error: Fetcher exited with code 1: Traceback (most recent call last):
  File "/usr/lib/python3/dist-packages/urllib3/connection.py", line 198, in _new_conn
    sock = connection.create_connection(
        (self._dns_host, self.port),
    ...<2 lines>...
        socket_options=self.socket_options,
    )
  File "/usr/lib/python3/dist-packages/urllib3/util/connection.py", line 60, in create_connection
    for res in socket.getaddrinfo(host, port, family, socket.SOCK_STREAM):
               ~~~~~~~~~~~~~~~~~~^^^^^^^^^^^^^^^^^^^^^^^^^^^^^^^^^^^^^^^^
  File "/usr/lib/python3.13/socket.py", line 977, in getaddrinfo
    for res in _socket.getaddrinfo(host, port, family, type, proto, flags):
               ~~~~~~~~~~~~~~~~~~~^^^^^^^^^^^^^^^^^^^^^^^^^^^^^^^^^^^^^^^^
socket.gaierror: [Errno -3] Temporary failure in name resolution

The above exception was the direct cause of the following exception:

Traceback (most recent call last):
  File "/usr/lib/python3/dist-packages/urllib3/connectionpool.py", line 787, in urlopen
    response = self._make_request(
        conn,
    ...<10 lines>...
        **response_kw,
    )
  File "/usr/lib/python3/dist-packages/urllib3/connectionpool.py", line 488, in _make_request
    raise new_e
  File "/usr/lib/python3/dist-packages/urllib3/connectionpool.py", line 464, in _make_request
    self._validate_conn(conn)
    ~~~~~~~~~~~~~~~~~~~^^^^^^
  File "/usr/lib/python3/dist-packages/urllib3/connectionpool.py", line 1105, in _validate_conn
    conn.connect()
    ~~~~~~~~~~~~^^
  File "/usr/lib/python3/dist-packages/urllib3/connection.py", line 704, in connect
    self.sock = sock = self._new_conn()
                       ~~~~~~~~~~~~~~^^
  File "/usr/lib/python3/dist-packages/urllib3/connection.py", line 205, in _new_conn
    raise NameResolutionError(self.host, self, e) from e
urllib3.exceptions.NameResolutionError: <urllib3.connection.HTTPSConnection object at 0x756be5571e50>: Failed to resolve 'icare.lt-integra.com' ([Errno -3] Temporary failure in name resolution)

The above exception was the direct cause of the following exception:

Traceback (most recent call last):
  File "/usr/lib/python3/dist-packages/requests/adapters.py", line 667, in send
    resp = conn.urlopen(
        method=request.method,
    ...<9 lines>...
        chunked=chunked,
    )
  File "/usr/lib/python3/dist-packages/urllib3/connectionpool.py", line 841, in urlopen
    retries = retries.increment(
        method, url, error=new_e, _pool=self, _stacktrace=sys.exc_info()[2]
    )
  File "/usr/lib/python3/dist-packages/urllib3/util/retry.py", line 519, in increment
    raise MaxRetryError(_pool, url, reason) from reason  # type: ignore[arg-type]
    ^^^^^^^^^^^^^^^^^^^^^^^^^^^^^^^^^^^^^^^^^^^^^^^^^^^
urllib3.exceptions.MaxRetryError: HTTPSConnectionPool(host='icare.lt-integra.com', port=443): Max retries exceeded with url: /otrs/index.pl (Caused by NameResolutionError("<urllib3.connection.HTTPSConnection object at 0x756be5571e50>: Failed to resolve 'icare.lt-integra.com' ([Errno -3] Temporary failure in name resolution)"))

During handling of the above exception, another exception occurred:

Traceback (most recent call last):
  File "/home/ismail/Downloads/Project Lainnya/Project Lain 1/scripts/otrs_history_fetcher.py", line 485, in <module>
    main()
    ~~~~^^
  File "/home/ismail/Downloads/Project Lainnya/Project Lain 1/scripts/otrs_history_fetcher.py", line 448, in main
    session, sess_id = get_session()
                       ~~~~~~~~~~~^^
  File "/home/ismail/Downloads/Project Lainnya/Project Lain 1/scripts/otrs_close_bridge.py", line 69, in get_session
    r_login = s_new.post(BASE_URL, data=login_payload, headers=DEFAULT_HEADERS, timeout=15)
  File "/usr/lib/python3/dist-packages/requests/sessions.py", line 637, in post
    return self.request("POST", url, data=data, json=json, **kwargs)
           ~~~~~~~~~~~~^^^^^^^^^^^^^^^^^^^^^^^^^^^^^^^^^^^^^^^^^^^^^
  File "/usr/lib/python3/dist-packages/requests/sessions.py", line 589, in request
    resp = self.send(prep, **send_kwargs)
  File "/usr/lib/python3/dist-packages/requests/sessions.py", line 703, in send
    r = adapter.send(request, **kwargs)
  File "/usr/lib/python3/dist-packages/requests/adapters.py", line 700, in send
    raise ConnectionError(e, request=request)
requests.exceptions.ConnectionError: HTTPSConnectionPool(host='icare.lt-integra.com', port=443): Max retries exceeded with url: /otrs/index.pl (Caused by NameResolutionError("<urllib3.connection.HTTPSConnection object at 0x756be5571e50>: Failed to resolve 'icare.lt-integra.com' ([Errno -3] Temporary failure in name resolution)"))

📊 Total unique tickets to sync: 0
ℹ️  No active tickets found in queue.

[19.02.38] 🚀 Starting iCare OTRS -> Supabase Synchronization...
📡 Fetching active tickets from iCare OTRS...
❌ Active fetch error: Fetcher exited with code 1: Traceback (most recent call last):
  File "/usr/lib/python3/dist-packages/urllib3/connection.py", line 198, in _new_conn
    sock = connection.create_connection(
        (self._dns_host, self.port),
    ...<2 lines>...
        socket_options=self.socket_options,
    )
  File "/usr/lib/python3/dist-packages/urllib3/util/connection.py", line 60, in create_connection
    for res in socket.getaddrinfo(host, port, family, socket.SOCK_STREAM):
               ~~~~~~~~~~~~~~~~~~^^^^^^^^^^^^^^^^^^^^^^^^^^^^^^^^^^^^^^^^
  File "/usr/lib/python3.13/socket.py", line 977, in getaddrinfo
    for res in _socket.getaddrinfo(host, port, family, type, proto, flags):
               ~~~~~~~~~~~~~~~~~~~^^^^^^^^^^^^^^^^^^^^^^^^^^^^^^^^^^^^^^^^
socket.gaierror: [Errno -3] Temporary failure in name resolution

The above exception was the direct cause of the following exception:

Traceback (most recent call last):
  File "/usr/lib/python3/dist-packages/urllib3/connectionpool.py", line 787, in urlopen
    response = self._make_request(
        conn,
    ...<10 lines>...
        **response_kw,
    )
  File "/usr/lib/python3/dist-packages/urllib3/connectionpool.py", line 488, in _make_request
    raise new_e
  File "/usr/lib/python3/dist-packages/urllib3/connectionpool.py", line 464, in _make_request
    self._validate_conn(conn)
    ~~~~~~~~~~~~~~~~~~~^^^^^^
  File "/usr/lib/python3/dist-packages/urllib3/connectionpool.py", line 1105, in _validate_conn
    conn.connect()
    ~~~~~~~~~~~~^^
  File "/usr/lib/python3/dist-packages/urllib3/connection.py", line 704, in connect
    self.sock = sock = self._new_conn()
                       ~~~~~~~~~~~~~~^^
  File "/usr/lib/python3/dist-packages/urllib3/connection.py", line 205, in _new_conn
    raise NameResolutionError(self.host, self, e) from e
urllib3.exceptions.NameResolutionError: <urllib3.connection.HTTPSConnection object at 0x73e1419c1e50>: Failed to resolve 'icare.lt-integra.com' ([Errno -3] Temporary failure in name resolution)

The above exception was the direct cause of the following exception:

Traceback (most recent call last):
  File "/usr/lib/python3/dist-packages/requests/adapters.py", line 667, in send
    resp = conn.urlopen(
        method=request.method,
    ...<9 lines>...
        chunked=chunked,
    )
  File "/usr/lib/python3/dist-packages/urllib3/connectionpool.py", line 841, in urlopen
    retries = retries.increment(
        method, url, error=new_e, _pool=self, _stacktrace=sys.exc_info()[2]
    )
  File "/usr/lib/python3/dist-packages/urllib3/util/retry.py", line 519, in increment
    raise MaxRetryError(_pool, url, reason) from reason  # type: ignore[arg-type]
    ^^^^^^^^^^^^^^^^^^^^^^^^^^^^^^^^^^^^^^^^^^^^^^^^^^^
urllib3.exceptions.MaxRetryError: HTTPSConnectionPool(host='icare.lt-integra.com', port=443): Max retries exceeded with url: /otrs/index.pl (Caused by NameResolutionError("<urllib3.connection.HTTPSConnection object at 0x73e1419c1e50>: Failed to resolve 'icare.lt-integra.com' ([Errno -3] Temporary failure in name resolution)"))

During handling of the above exception, another exception occurred:

Traceback (most recent call last):
  File "/home/ismail/Downloads/Project Lainnya/Project Lain 1/scripts/otrs_history_fetcher.py", line 485, in <module>
    main()
    ~~~~^^
  File "/home/ismail/Downloads/Project Lainnya/Project Lain 1/scripts/otrs_history_fetcher.py", line 448, in main
    session, sess_id = get_session()
                       ~~~~~~~~~~~^^
  File "/home/ismail/Downloads/Project Lainnya/Project Lain 1/scripts/otrs_close_bridge.py", line 69, in get_session
    r_login = s_new.post(BASE_URL, data=login_payload, headers=DEFAULT_HEADERS, timeout=15)
  File "/usr/lib/python3/dist-packages/requests/sessions.py", line 637, in post
    return self.request("POST", url, data=data, json=json, **kwargs)
           ~~~~~~~~~~~~^^^^^^^^^^^^^^^^^^^^^^^^^^^^^^^^^^^^^^^^^^^^^
  File "/usr/lib/python3/dist-packages/requests/sessions.py", line 589, in request
    resp = self.send(prep, **send_kwargs)
  File "/usr/lib/python3/dist-packages/requests/sessions.py", line 703, in send
    r = adapter.send(request, **kwargs)
  File "/usr/lib/python3/dist-packages/requests/adapters.py", line 700, in send
    raise ConnectionError(e, request=request)
requests.exceptions.ConnectionError: HTTPSConnectionPool(host='icare.lt-integra.com', port=443): Max retries exceeded with url: /otrs/index.pl (Caused by NameResolutionError("<urllib3.connection.HTTPSConnection object at 0x73e1419c1e50>: Failed to resolve 'icare.lt-integra.com' ([Errno -3] Temporary failure in name resolution)"))

📊 Total unique tickets to sync: 0
ℹ️  No active tickets found in queue.

[19.05.38] 🚀 Starting iCare OTRS -> Supabase Synchronization...
📡 Fetching active tickets from iCare OTRS...
❌ Active fetch error: Fetcher exited with code 1: Traceback (most recent call last):
  File "/usr/lib/python3/dist-packages/urllib3/connection.py", line 198, in _new_conn
    sock = connection.create_connection(
        (self._dns_host, self.port),
    ...<2 lines>...
        socket_options=self.socket_options,
    )
  File "/usr/lib/python3/dist-packages/urllib3/util/connection.py", line 60, in create_connection
    for res in socket.getaddrinfo(host, port, family, socket.SOCK_STREAM):
               ~~~~~~~~~~~~~~~~~~^^^^^^^^^^^^^^^^^^^^^^^^^^^^^^^^^^^^^^^^
  File "/usr/lib/python3.13/socket.py", line 977, in getaddrinfo
    for res in _socket.getaddrinfo(host, port, family, type, proto, flags):
               ~~~~~~~~~~~~~~~~~~~^^^^^^^^^^^^^^^^^^^^^^^^^^^^^^^^^^^^^^^^
socket.gaierror: [Errno -3] Temporary failure in name resolution

The above exception was the direct cause of the following exception:

Traceback (most recent call last):
  File "/usr/lib/python3/dist-packages/urllib3/connectionpool.py", line 787, in urlopen
    response = self._make_request(
        conn,
    ...<10 lines>...
        **response_kw,
    )
  File "/usr/lib/python3/dist-packages/urllib3/connectionpool.py", line 488, in _make_request
    raise new_e
  File "/usr/lib/python3/dist-packages/urllib3/connectionpool.py", line 464, in _make_request
    self._validate_conn(conn)
    ~~~~~~~~~~~~~~~~~~~^^^^^^
  File "/usr/lib/python3/dist-packages/urllib3/connectionpool.py", line 1105, in _validate_conn
    conn.connect()
    ~~~~~~~~~~~~^^
  File "/usr/lib/python3/dist-packages/urllib3/connection.py", line 704, in connect
    self.sock = sock = self._new_conn()
                       ~~~~~~~~~~~~~~^^
  File "/usr/lib/python3/dist-packages/urllib3/connection.py", line 205, in _new_conn
    raise NameResolutionError(self.host, self, e) from e
urllib3.exceptions.NameResolutionError: <urllib3.connection.HTTPSConnection object at 0x755928b01e50>: Failed to resolve 'icare.lt-integra.com' ([Errno -3] Temporary failure in name resolution)

The above exception was the direct cause of the following exception:

Traceback (most recent call last):
  File "/usr/lib/python3/dist-packages/requests/adapters.py", line 667, in send
    resp = conn.urlopen(
        method=request.method,
    ...<9 lines>...
        chunked=chunked,
    )
  File "/usr/lib/python3/dist-packages/urllib3/connectionpool.py", line 841, in urlopen
    retries = retries.increment(
        method, url, error=new_e, _pool=self, _stacktrace=sys.exc_info()[2]
    )
  File "/usr/lib/python3/dist-packages/urllib3/util/retry.py", line 519, in increment
    raise MaxRetryError(_pool, url, reason) from reason  # type: ignore[arg-type]
    ^^^^^^^^^^^^^^^^^^^^^^^^^^^^^^^^^^^^^^^^^^^^^^^^^^^
urllib3.exceptions.MaxRetryError: HTTPSConnectionPool(host='icare.lt-integra.com', port=443): Max retries exceeded with url: /otrs/index.pl (Caused by NameResolutionError("<urllib3.connection.HTTPSConnection object at 0x755928b01e50>: Failed to resolve 'icare.lt-integra.com' ([Errno -3] Temporary failure in name resolution)"))

During handling of the above exception, another exception occurred:

Traceback (most recent call last):
  File "/home/ismail/Downloads/Project Lainnya/Project Lain 1/scripts/otrs_history_fetcher.py", line 485, in <module>
    main()
    ~~~~^^
  File "/home/ismail/Downloads/Project Lainnya/Project Lain 1/scripts/otrs_history_fetcher.py", line 448, in main
    session, sess_id = get_session()
                       ~~~~~~~~~~~^^
  File "/home/ismail/Downloads/Project Lainnya/Project Lain 1/scripts/otrs_close_bridge.py", line 69, in get_session
    r_login = s_new.post(BASE_URL, data=login_payload, headers=DEFAULT_HEADERS, timeout=15)
  File "/usr/lib/python3/dist-packages/requests/sessions.py", line 637, in post
    return self.request("POST", url, data=data, json=json, **kwargs)
           ~~~~~~~~~~~~^^^^^^^^^^^^^^^^^^^^^^^^^^^^^^^^^^^^^^^^^^^^^
  File "/usr/lib/python3/dist-packages/requests/sessions.py", line 589, in request
    resp = self.send(prep, **send_kwargs)
  File "/usr/lib/python3/dist-packages/requests/sessions.py", line 703, in send
    r = adapter.send(request, **kwargs)
  File "/usr/lib/python3/dist-packages/requests/adapters.py", line 700, in send
    raise ConnectionError(e, request=request)
requests.exceptions.ConnectionError: HTTPSConnectionPool(host='icare.lt-integra.com', port=443): Max retries exceeded with url: /otrs/index.pl (Caused by NameResolutionError("<urllib3.connection.HTTPSConnection object at 0x755928b01e50>: Failed to resolve 'icare.lt-integra.com' ([Errno -3] Temporary failure in name resolution)"))

📊 Total unique tickets to sync: 0
ℹ️  No active tickets found in queue.

[19.08.38] 🚀 Starting iCare OTRS -> Supabase Synchronization...
📡 Fetching active tickets from iCare OTRS...
❌ Active fetch error: Fetcher exited with code 1: Traceback (most recent call last):
  File "/usr/lib/python3/dist-packages/urllib3/connection.py", line 198, in _new_conn
    sock = connection.create_connection(
        (self._dns_host, self.port),
    ...<2 lines>...
        socket_options=self.socket_options,
    )
  File "/usr/lib/python3/dist-packages/urllib3/util/connection.py", line 60, in create_connection
    for res in socket.getaddrinfo(host, port, family, socket.SOCK_STREAM):
               ~~~~~~~~~~~~~~~~~~^^^^^^^^^^^^^^^^^^^^^^^^^^^^^^^^^^^^^^^^
  File "/usr/lib/python3.13/socket.py", line 977, in getaddrinfo
    for res in _socket.getaddrinfo(host, port, family, type, proto, flags):
               ~~~~~~~~~~~~~~~~~~~^^^^^^^^^^^^^^^^^^^^^^^^^^^^^^^^^^^^^^^^
socket.gaierror: [Errno -3] Temporary failure in name resolution

The above exception was the direct cause of the following exception:

Traceback (most recent call last):
  File "/usr/lib/python3/dist-packages/urllib3/connectionpool.py", line 787, in urlopen
    response = self._make_request(
        conn,
    ...<10 lines>...
        **response_kw,
    )
  File "/usr/lib/python3/dist-packages/urllib3/connectionpool.py", line 488, in _make_request
    raise new_e
  File "/usr/lib/python3/dist-packages/urllib3/connectionpool.py", line 464, in _make_request
    self._validate_conn(conn)
    ~~~~~~~~~~~~~~~~~~~^^^^^^
  File "/usr/lib/python3/dist-packages/urllib3/connectionpool.py", line 1105, in _validate_conn
    conn.connect()
    ~~~~~~~~~~~~^^
  File "/usr/lib/python3/dist-packages/urllib3/connection.py", line 704, in connect
    self.sock = sock = self._new_conn()
                       ~~~~~~~~~~~~~~^^
  File "/usr/lib/python3/dist-packages/urllib3/connection.py", line 205, in _new_conn
    raise NameResolutionError(self.host, self, e) from e
urllib3.exceptions.NameResolutionError: <urllib3.connection.HTTPSConnection object at 0x7e202ef95e50>: Failed to resolve 'icare.lt-integra.com' ([Errno -3] Temporary failure in name resolution)

The above exception was the direct cause of the following exception:

Traceback (most recent call last):
  File "/usr/lib/python3/dist-packages/requests/adapters.py", line 667, in send
    resp = conn.urlopen(
        method=request.method,
    ...<9 lines>...
        chunked=chunked,
    )
  File "/usr/lib/python3/dist-packages/urllib3/connectionpool.py", line 841, in urlopen
    retries = retries.increment(
        method, url, error=new_e, _pool=self, _stacktrace=sys.exc_info()[2]
    )
  File "/usr/lib/python3/dist-packages/urllib3/util/retry.py", line 519, in increment
    raise MaxRetryError(_pool, url, reason) from reason  # type: ignore[arg-type]
    ^^^^^^^^^^^^^^^^^^^^^^^^^^^^^^^^^^^^^^^^^^^^^^^^^^^
urllib3.exceptions.MaxRetryError: HTTPSConnectionPool(host='icare.lt-integra.com', port=443): Max retries exceeded with url: /otrs/index.pl (Caused by NameResolutionError("<urllib3.connection.HTTPSConnection object at 0x7e202ef95e50>: Failed to resolve 'icare.lt-integra.com' ([Errno -3] Temporary failure in name resolution)"))

During handling of the above exception, another exception occurred:

Traceback (most recent call last):
  File "/home/ismail/Downloads/Project Lainnya/Project Lain 1/scripts/otrs_history_fetcher.py", line 485, in <module>
    main()
    ~~~~^^
  File "/home/ismail/Downloads/Project Lainnya/Project Lain 1/scripts/otrs_history_fetcher.py", line 448, in main
    session, sess_id = get_session()
                       ~~~~~~~~~~~^^
  File "/home/ismail/Downloads/Project Lainnya/Project Lain 1/scripts/otrs_close_bridge.py", line 69, in get_session
    r_login = s_new.post(BASE_URL, data=login_payload, headers=DEFAULT_HEADERS, timeout=15)
  File "/usr/lib/python3/dist-packages/requests/sessions.py", line 637, in post
    return self.request("POST", url, data=data, json=json, **kwargs)
           ~~~~~~~~~~~~^^^^^^^^^^^^^^^^^^^^^^^^^^^^^^^^^^^^^^^^^^^^^
  File "/usr/lib/python3/dist-packages/requests/sessions.py", line 589, in request
    resp = self.send(prep, **send_kwargs)
  File "/usr/lib/python3/dist-packages/requests/sessions.py", line 703, in send
    r = adapter.send(request, **kwargs)
  File "/usr/lib/python3/dist-packages/requests/adapters.py", line 700, in send
    raise ConnectionError(e, request=request)
requests.exceptions.ConnectionError: HTTPSConnectionPool(host='icare.lt-integra.com', port=443): Max retries exceeded with url: /otrs/index.pl (Caused by NameResolutionError("<urllib3.connection.HTTPSConnection object at 0x7e202ef95e50>: Failed to resolve 'icare.lt-integra.com' ([Errno -3] Temporary failure in name resolution)"))

📊 Total unique tickets to sync: 0
ℹ️  No active tickets found in queue.

[19.11.38] 🚀 Starting iCare OTRS -> Supabase Synchronization...
📡 Fetching active tickets from iCare OTRS...
❌ Active fetch error: Fetcher exited with code 1: Traceback (most recent call last):
  File "/usr/lib/python3/dist-packages/urllib3/connection.py", line 198, in _new_conn
    sock = connection.create_connection(
        (self._dns_host, self.port),
    ...<2 lines>...
        socket_options=self.socket_options,
    )
  File "/usr/lib/python3/dist-packages/urllib3/util/connection.py", line 60, in create_connection
    for res in socket.getaddrinfo(host, port, family, socket.SOCK_STREAM):
               ~~~~~~~~~~~~~~~~~~^^^^^^^^^^^^^^^^^^^^^^^^^^^^^^^^^^^^^^^^
  File "/usr/lib/python3.13/socket.py", line 977, in getaddrinfo
    for res in _socket.getaddrinfo(host, port, family, type, proto, flags):
               ~~~~~~~~~~~~~~~~~~~^^^^^^^^^^^^^^^^^^^^^^^^^^^^^^^^^^^^^^^^
socket.gaierror: [Errno -3] Temporary failure in name resolution

The above exception was the direct cause of the following exception:

Traceback (most recent call last):
  File "/usr/lib/python3/dist-packages/urllib3/connectionpool.py", line 787, in urlopen
    response = self._make_request(
        conn,
    ...<10 lines>...
        **response_kw,
    )
  File "/usr/lib/python3/dist-packages/urllib3/connectionpool.py", line 488, in _make_request
    raise new_e
  File "/usr/lib/python3/dist-packages/urllib3/connectionpool.py", line 464, in _make_request
    self._validate_conn(conn)
    ~~~~~~~~~~~~~~~~~~~^^^^^^
  File "/usr/lib/python3/dist-packages/urllib3/connectionpool.py", line 1105, in _validate_conn
    conn.connect()
    ~~~~~~~~~~~~^^
  File "/usr/lib/python3/dist-packages/urllib3/connection.py", line 704, in connect
    self.sock = sock = self._new_conn()
                       ~~~~~~~~~~~~~~^^
  File "/usr/lib/python3/dist-packages/urllib3/connection.py", line 205, in _new_conn
    raise NameResolutionError(self.host, self, e) from e
urllib3.exceptions.NameResolutionError: <urllib3.connection.HTTPSConnection object at 0x7b8b21f95e50>: Failed to resolve 'icare.lt-integra.com' ([Errno -3] Temporary failure in name resolution)

The above exception was the direct cause of the following exception:

Traceback (most recent call last):
  File "/usr/lib/python3/dist-packages/requests/adapters.py", line 667, in send
    resp = conn.urlopen(
        method=request.method,
    ...<9 lines>...
        chunked=chunked,
    )
  File "/usr/lib/python3/dist-packages/urllib3/connectionpool.py", line 841, in urlopen
    retries = retries.increment(
        method, url, error=new_e, _pool=self, _stacktrace=sys.exc_info()[2]
    )
  File "/usr/lib/python3/dist-packages/urllib3/util/retry.py", line 519, in increment
    raise MaxRetryError(_pool, url, reason) from reason  # type: ignore[arg-type]
    ^^^^^^^^^^^^^^^^^^^^^^^^^^^^^^^^^^^^^^^^^^^^^^^^^^^
urllib3.exceptions.MaxRetryError: HTTPSConnectionPool(host='icare.lt-integra.com', port=443): Max retries exceeded with url: /otrs/index.pl (Caused by NameResolutionError("<urllib3.connection.HTTPSConnection object at 0x7b8b21f95e50>: Failed to resolve 'icare.lt-integra.com' ([Errno -3] Temporary failure in name resolution)"))

During handling of the above exception, another exception occurred:

Traceback (most recent call last):
  File "/home/ismail/Downloads/Project Lainnya/Project Lain 1/scripts/otrs_history_fetcher.py", line 485, in <module>
    main()
    ~~~~^^
  File "/home/ismail/Downloads/Project Lainnya/Project Lain 1/scripts/otrs_history_fetcher.py", line 448, in main
    session, sess_id = get_session()
                       ~~~~~~~~~~~^^
  File "/home/ismail/Downloads/Project Lainnya/Project Lain 1/scripts/otrs_close_bridge.py", line 69, in get_session
    r_login = s_new.post(BASE_URL, data=login_payload, headers=DEFAULT_HEADERS, timeout=15)
  File "/usr/lib/python3/dist-packages/requests/sessions.py", line 637, in post
    return self.request("POST", url, data=data, json=json, **kwargs)
           ~~~~~~~~~~~~^^^^^^^^^^^^^^^^^^^^^^^^^^^^^^^^^^^^^^^^^^^^^
  File "/usr/lib/python3/dist-packages/requests/sessions.py", line 589, in request
    resp = self.send(prep, **send_kwargs)
  File "/usr/lib/python3/dist-packages/requests/sessions.py", line 703, in send
    r = adapter.send(request, **kwargs)
  File "/usr/lib/python3/dist-packages/requests/adapters.py", line 700, in send
    raise ConnectionError(e, request=request)
requests.exceptions.ConnectionError: HTTPSConnectionPool(host='icare.lt-integra.com', port=443): Max retries exceeded with url: /otrs/index.pl (Caused by NameResolutionError("<urllib3.connection.HTTPSConnection object at 0x7b8b21f95e50>: Failed to resolve 'icare.lt-integra.com' ([Errno -3] Temporary failure in name resolution)"))

📊 Total unique tickets to sync: 0
ℹ️  No active tickets found in queue.

[19.14.38] 🚀 Starting iCare OTRS -> Supabase Synchronization...
📡 Fetching active tickets from iCare OTRS...
❌ Active fetch error: Fetcher exited with code 1: Traceback (most recent call last):
  File "/usr/lib/python3/dist-packages/urllib3/connection.py", line 198, in _new_conn
    sock = connection.create_connection(
        (self._dns_host, self.port),
    ...<2 lines>...
        socket_options=self.socket_options,
    )
  File "/usr/lib/python3/dist-packages/urllib3/util/connection.py", line 60, in create_connection
    for res in socket.getaddrinfo(host, port, family, socket.SOCK_STREAM):
               ~~~~~~~~~~~~~~~~~~^^^^^^^^^^^^^^^^^^^^^^^^^^^^^^^^^^^^^^^^
  File "/usr/lib/python3.13/socket.py", line 977, in getaddrinfo
    for res in _socket.getaddrinfo(host, port, family, type, proto, flags):
               ~~~~~~~~~~~~~~~~~~~^^^^^^^^^^^^^^^^^^^^^^^^^^^^^^^^^^^^^^^^
socket.gaierror: [Errno -3] Temporary failure in name resolution

The above exception was the direct cause of the following exception:

Traceback (most recent call last):
  File "/usr/lib/python3/dist-packages/urllib3/connectionpool.py", line 787, in urlopen
    response = self._make_request(
        conn,
    ...<10 lines>...
        **response_kw,
    )
  File "/usr/lib/python3/dist-packages/urllib3/connectionpool.py", line 488, in _make_request
    raise new_e
  File "/usr/lib/python3/dist-packages/urllib3/connectionpool.py", line 464, in _make_request
    self._validate_conn(conn)
    ~~~~~~~~~~~~~~~~~~~^^^^^^
  File "/usr/lib/python3/dist-packages/urllib3/connectionpool.py", line 1105, in _validate_conn
    conn.connect()
    ~~~~~~~~~~~~^^
  File "/usr/lib/python3/dist-packages/urllib3/connection.py", line 704, in connect
    self.sock = sock = self._new_conn()
                       ~~~~~~~~~~~~~~^^
  File "/usr/lib/python3/dist-packages/urllib3/connection.py", line 205, in _new_conn
    raise NameResolutionError(self.host, self, e) from e
urllib3.exceptions.NameResolutionError: <urllib3.connection.HTTPSConnection object at 0x7c30e65b9e50>: Failed to resolve 'icare.lt-integra.com' ([Errno -3] Temporary failure in name resolution)

The above exception was the direct cause of the following exception:

Traceback (most recent call last):
  File "/usr/lib/python3/dist-packages/requests/adapters.py", line 667, in send
    resp = conn.urlopen(
        method=request.method,
    ...<9 lines>...
        chunked=chunked,
    )
  File "/usr/lib/python3/dist-packages/urllib3/connectionpool.py", line 841, in urlopen
    retries = retries.increment(
        method, url, error=new_e, _pool=self, _stacktrace=sys.exc_info()[2]
    )
  File "/usr/lib/python3/dist-packages/urllib3/util/retry.py", line 519, in increment
    raise MaxRetryError(_pool, url, reason) from reason  # type: ignore[arg-type]
    ^^^^^^^^^^^^^^^^^^^^^^^^^^^^^^^^^^^^^^^^^^^^^^^^^^^
urllib3.exceptions.MaxRetryError: HTTPSConnectionPool(host='icare.lt-integra.com', port=443): Max retries exceeded with url: /otrs/index.pl (Caused by NameResolutionError("<urllib3.connection.HTTPSConnection object at 0x7c30e65b9e50>: Failed to resolve 'icare.lt-integra.com' ([Errno -3] Temporary failure in name resolution)"))

During handling of the above exception, another exception occurred:

Traceback (most recent call last):
  File "/home/ismail/Downloads/Project Lainnya/Project Lain 1/scripts/otrs_history_fetcher.py", line 485, in <module>
    main()
    ~~~~^^
  File "/home/ismail/Downloads/Project Lainnya/Project Lain 1/scripts/otrs_history_fetcher.py", line 448, in main
    session, sess_id = get_session()
                       ~~~~~~~~~~~^^
  File "/home/ismail/Downloads/Project Lainnya/Project Lain 1/scripts/otrs_close_bridge.py", line 69, in get_session
    r_login = s_new.post(BASE_URL, data=login_payload, headers=DEFAULT_HEADERS, timeout=15)
  File "/usr/lib/python3/dist-packages/requests/sessions.py", line 637, in post
    return self.request("POST", url, data=data, json=json, **kwargs)
           ~~~~~~~~~~~~^^^^^^^^^^^^^^^^^^^^^^^^^^^^^^^^^^^^^^^^^^^^^
  File "/usr/lib/python3/dist-packages/requests/sessions.py", line 589, in request
    resp = self.send(prep, **send_kwargs)
  File "/usr/lib/python3/dist-packages/requests/sessions.py", line 703, in send
    r = adapter.send(request, **kwargs)
  File "/usr/lib/python3/dist-packages/requests/adapters.py", line 700, in send
    raise ConnectionError(e, request=request)
requests.exceptions.ConnectionError: HTTPSConnectionPool(host='icare.lt-integra.com', port=443): Max retries exceeded with url: /otrs/index.pl (Caused by NameResolutionError("<urllib3.connection.HTTPSConnection object at 0x7c30e65b9e50>: Failed to resolve 'icare.lt-integra.com' ([Errno -3] Temporary failure in name resolution)"))

📊 Total unique tickets to sync: 0
ℹ️  No active tickets found in queue.

[19.17.38] 🚀 Starting iCare OTRS -> Supabase Synchronization...
📡 Fetching active tickets from iCare OTRS...
❌ Active fetch error: Fetcher exited with code 1: Traceback (most recent call last):
  File "/usr/lib/python3/dist-packages/urllib3/connection.py", line 198, in _new_conn
    sock = connection.create_connection(
        (self._dns_host, self.port),
    ...<2 lines>...
        socket_options=self.socket_options,
    )
  File "/usr/lib/python3/dist-packages/urllib3/util/connection.py", line 60, in create_connection
    for res in socket.getaddrinfo(host, port, family, socket.SOCK_STREAM):
               ~~~~~~~~~~~~~~~~~~^^^^^^^^^^^^^^^^^^^^^^^^^^^^^^^^^^^^^^^^
  File "/usr/lib/python3.13/socket.py", line 977, in getaddrinfo
    for res in _socket.getaddrinfo(host, port, family, type, proto, flags):
               ~~~~~~~~~~~~~~~~~~~^^^^^^^^^^^^^^^^^^^^^^^^^^^^^^^^^^^^^^^^
socket.gaierror: [Errno -3] Temporary failure in name resolution

The above exception was the direct cause of the following exception:

Traceback (most recent call last):
  File "/usr/lib/python3/dist-packages/urllib3/connectionpool.py", line 787, in urlopen
    response = self._make_request(
        conn,
    ...<10 lines>...
        **response_kw,
    )
  File "/usr/lib/python3/dist-packages/urllib3/connectionpool.py", line 488, in _make_request
    raise new_e
  File "/usr/lib/python3/dist-packages/urllib3/connectionpool.py", line 464, in _make_request
    self._validate_conn(conn)
    ~~~~~~~~~~~~~~~~~~~^^^^^^
  File "/usr/lib/python3/dist-packages/urllib3/connectionpool.py", line 1105, in _validate_conn
    conn.connect()
    ~~~~~~~~~~~~^^
  File "/usr/lib/python3/dist-packages/urllib3/connection.py", line 704, in connect
    self.sock = sock = self._new_conn()
                       ~~~~~~~~~~~~~~^^
  File "/usr/lib/python3/dist-packages/urllib3/connection.py", line 205, in _new_conn
    raise NameResolutionError(self.host, self, e) from e
urllib3.exceptions.NameResolutionError: <urllib3.connection.HTTPSConnection object at 0x71f1669cde50>: Failed to resolve 'icare.lt-integra.com' ([Errno -3] Temporary failure in name resolution)

The above exception was the direct cause of the following exception:

Traceback (most recent call last):
  File "/usr/lib/python3/dist-packages/requests/adapters.py", line 667, in send
    resp = conn.urlopen(
        method=request.method,
    ...<9 lines>...
        chunked=chunked,
    )
  File "/usr/lib/python3/dist-packages/urllib3/connectionpool.py", line 841, in urlopen
    retries = retries.increment(
        method, url, error=new_e, _pool=self, _stacktrace=sys.exc_info()[2]
    )
  File "/usr/lib/python3/dist-packages/urllib3/util/retry.py", line 519, in increment
    raise MaxRetryError(_pool, url, reason) from reason  # type: ignore[arg-type]
    ^^^^^^^^^^^^^^^^^^^^^^^^^^^^^^^^^^^^^^^^^^^^^^^^^^^
urllib3.exceptions.MaxRetryError: HTTPSConnectionPool(host='icare.lt-integra.com', port=443): Max retries exceeded with url: /otrs/index.pl (Caused by NameResolutionError("<urllib3.connection.HTTPSConnection object at 0x71f1669cde50>: Failed to resolve 'icare.lt-integra.com' ([Errno -3] Temporary failure in name resolution)"))

During handling of the above exception, another exception occurred:

Traceback (most recent call last):
  File "/home/ismail/Downloads/Project Lainnya/Project Lain 1/scripts/otrs_history_fetcher.py", line 485, in <module>
    main()
    ~~~~^^
  File "/home/ismail/Downloads/Project Lainnya/Project Lain 1/scripts/otrs_history_fetcher.py", line 448, in main
    session, sess_id = get_session()
                       ~~~~~~~~~~~^^
  File "/home/ismail/Downloads/Project Lainnya/Project Lain 1/scripts/otrs_close_bridge.py", line 69, in get_session
    r_login = s_new.post(BASE_URL, data=login_payload, headers=DEFAULT_HEADERS, timeout=15)
  File "/usr/lib/python3/dist-packages/requests/sessions.py", line 637, in post
    return self.request("POST", url, data=data, json=json, **kwargs)
           ~~~~~~~~~~~~^^^^^^^^^^^^^^^^^^^^^^^^^^^^^^^^^^^^^^^^^^^^^
  File "/usr/lib/python3/dist-packages/requests/sessions.py", line 589, in request
    resp = self.send(prep, **send_kwargs)
  File "/usr/lib/python3/dist-packages/requests/sessions.py", line 703, in send
    r = adapter.send(request, **kwargs)
  File "/usr/lib/python3/dist-packages/requests/adapters.py", line 700, in send
    raise ConnectionError(e, request=request)
requests.exceptions.ConnectionError: HTTPSConnectionPool(host='icare.lt-integra.com', port=443): Max retries exceeded with url: /otrs/index.pl (Caused by NameResolutionError("<urllib3.connection.HTTPSConnection object at 0x71f1669cde50>: Failed to resolve 'icare.lt-integra.com' ([Errno -3] Temporary failure in name resolution)"))

📊 Total unique tickets to sync: 0
ℹ️  No active tickets found in queue.

[19.20.38] 🚀 Starting iCare OTRS -> Supabase Synchronization...
📡 Fetching active tickets from iCare OTRS...
❌ Active fetch error: Fetcher exited with code 1: Traceback (most recent call last):
  File "/usr/lib/python3/dist-packages/urllib3/connection.py", line 198, in _new_conn
    sock = connection.create_connection(
        (self._dns_host, self.port),
    ...<2 lines>...
        socket_options=self.socket_options,
    )
  File "/usr/lib/python3/dist-packages/urllib3/util/connection.py", line 60, in create_connection
    for res in socket.getaddrinfo(host, port, family, socket.SOCK_STREAM):
               ~~~~~~~~~~~~~~~~~~^^^^^^^^^^^^^^^^^^^^^^^^^^^^^^^^^^^^^^^^
  File "/usr/lib/python3.13/socket.py", line 977, in getaddrinfo
    for res in _socket.getaddrinfo(host, port, family, type, proto, flags):
               ~~~~~~~~~~~~~~~~~~~^^^^^^^^^^^^^^^^^^^^^^^^^^^^^^^^^^^^^^^^
socket.gaierror: [Errno -3] Temporary failure in name resolution

The above exception was the direct cause of the following exception:

Traceback (most recent call last):
  File "/usr/lib/python3/dist-packages/urllib3/connectionpool.py", line 787, in urlopen
    response = self._make_request(
        conn,
    ...<10 lines>...
        **response_kw,
    )
  File "/usr/lib/python3/dist-packages/urllib3/connectionpool.py", line 488, in _make_request
    raise new_e
  File "/usr/lib/python3/dist-packages/urllib3/connectionpool.py", line 464, in _make_request
    self._validate_conn(conn)
    ~~~~~~~~~~~~~~~~~~~^^^^^^
  File "/usr/lib/python3/dist-packages/urllib3/connectionpool.py", line 1105, in _validate_conn
    conn.connect()
    ~~~~~~~~~~~~^^
  File "/usr/lib/python3/dist-packages/urllib3/connection.py", line 704, in connect
    self.sock = sock = self._new_conn()
                       ~~~~~~~~~~~~~~^^
  File "/usr/lib/python3/dist-packages/urllib3/connection.py", line 205, in _new_conn
    raise NameResolutionError(self.host, self, e) from e
urllib3.exceptions.NameResolutionError: <urllib3.connection.HTTPSConnection object at 0x7b6b8e4d1e50>: Failed to resolve 'icare.lt-integra.com' ([Errno -3] Temporary failure in name resolution)

The above exception was the direct cause of the following exception:

Traceback (most recent call last):
  File "/usr/lib/python3/dist-packages/requests/adapters.py", line 667, in send
    resp = conn.urlopen(
        method=request.method,
    ...<9 lines>...
        chunked=chunked,
    )
  File "/usr/lib/python3/dist-packages/urllib3/connectionpool.py", line 841, in urlopen
    retries = retries.increment(
        method, url, error=new_e, _pool=self, _stacktrace=sys.exc_info()[2]
    )
  File "/usr/lib/python3/dist-packages/urllib3/util/retry.py", line 519, in increment
    raise MaxRetryError(_pool, url, reason) from reason  # type: ignore[arg-type]
    ^^^^^^^^^^^^^^^^^^^^^^^^^^^^^^^^^^^^^^^^^^^^^^^^^^^
urllib3.exceptions.MaxRetryError: HTTPSConnectionPool(host='icare.lt-integra.com', port=443): Max retries exceeded with url: /otrs/index.pl (Caused by NameResolutionError("<urllib3.connection.HTTPSConnection object at 0x7b6b8e4d1e50>: Failed to resolve 'icare.lt-integra.com' ([Errno -3] Temporary failure in name resolution)"))

During handling of the above exception, another exception occurred:

Traceback (most recent call last):
  File "/home/ismail/Downloads/Project Lainnya/Project Lain 1/scripts/otrs_history_fetcher.py", line 485, in <module>
    main()
    ~~~~^^
  File "/home/ismail/Downloads/Project Lainnya/Project Lain 1/scripts/otrs_history_fetcher.py", line 448, in main
    session, sess_id = get_session()
                       ~~~~~~~~~~~^^
  File "/home/ismail/Downloads/Project Lainnya/Project Lain 1/scripts/otrs_close_bridge.py", line 69, in get_session
    r_login = s_new.post(BASE_URL, data=login_payload, headers=DEFAULT_HEADERS, timeout=15)
  File "/usr/lib/python3/dist-packages/requests/sessions.py", line 637, in post
    return self.request("POST", url, data=data, json=json, **kwargs)
           ~~~~~~~~~~~~^^^^^^^^^^^^^^^^^^^^^^^^^^^^^^^^^^^^^^^^^^^^^
  File "/usr/lib/python3/dist-packages/requests/sessions.py", line 589, in request
    resp = self.send(prep, **send_kwargs)
  File "/usr/lib/python3/dist-packages/requests/sessions.py", line 703, in send
    r = adapter.send(request, **kwargs)
  File "/usr/lib/python3/dist-packages/requests/adapters.py", line 700, in send
    raise ConnectionError(e, request=request)
requests.exceptions.ConnectionError: HTTPSConnectionPool(host='icare.lt-integra.com', port=443): Max retries exceeded with url: /otrs/index.pl (Caused by NameResolutionError("<urllib3.connection.HTTPSConnection object at 0x7b6b8e4d1e50>: Failed to resolve 'icare.lt-integra.com' ([Errno -3] Temporary failure in name resolution)"))

📊 Total unique tickets to sync: 0
ℹ️  No active tickets found in queue.

[19.23.38] 🚀 Starting iCare OTRS -> Supabase Synchronization...
📡 Fetching active tickets from iCare OTRS...
❌ Active fetch error: Fetcher exited with code 1: Traceback (most recent call last):
  File "/usr/lib/python3/dist-packages/urllib3/connection.py", line 198, in _new_conn
    sock = connection.create_connection(
        (self._dns_host, self.port),
    ...<2 lines>...
        socket_options=self.socket_options,
    )
  File "/usr/lib/python3/dist-packages/urllib3/util/connection.py", line 60, in create_connection
    for res in socket.getaddrinfo(host, port, family, socket.SOCK_STREAM):
               ~~~~~~~~~~~~~~~~~~^^^^^^^^^^^^^^^^^^^^^^^^^^^^^^^^^^^^^^^^
  File "/usr/lib/python3.13/socket.py", line 977, in getaddrinfo
    for res in _socket.getaddrinfo(host, port, family, type, proto, flags):
               ~~~~~~~~~~~~~~~~~~~^^^^^^^^^^^^^^^^^^^^^^^^^^^^^^^^^^^^^^^^
socket.gaierror: [Errno -3] Temporary failure in name resolution

The above exception was the direct cause of the following exception:

Traceback (most recent call last):
  File "/usr/lib/python3/dist-packages/urllib3/connectionpool.py", line 787, in urlopen
    response = self._make_request(
        conn,
    ...<10 lines>...
        **response_kw,
    )
  File "/usr/lib/python3/dist-packages/urllib3/connectionpool.py", line 488, in _make_request
    raise new_e
  File "/usr/lib/python3/dist-packages/urllib3/connectionpool.py", line 464, in _make_request
    self._validate_conn(conn)
    ~~~~~~~~~~~~~~~~~~~^^^^^^
  File "/usr/lib/python3/dist-packages/urllib3/connectionpool.py", line 1105, in _validate_conn
    conn.connect()
    ~~~~~~~~~~~~^^
  File "/usr/lib/python3/dist-packages/urllib3/connection.py", line 704, in connect
    self.sock = sock = self._new_conn()
                       ~~~~~~~~~~~~~~^^
  File "/usr/lib/python3/dist-packages/urllib3/connection.py", line 205, in _new_conn
    raise NameResolutionError(self.host, self, e) from e
urllib3.exceptions.NameResolutionError: <urllib3.connection.HTTPSConnection object at 0x726cb1a95e50>: Failed to resolve 'icare.lt-integra.com' ([Errno -3] Temporary failure in name resolution)

The above exception was the direct cause of the following exception:

Traceback (most recent call last):
  File "/usr/lib/python3/dist-packages/requests/adapters.py", line 667, in send
    resp = conn.urlopen(
        method=request.method,
    ...<9 lines>...
        chunked=chunked,
    )
  File "/usr/lib/python3/dist-packages/urllib3/connectionpool.py", line 841, in urlopen
    retries = retries.increment(
        method, url, error=new_e, _pool=self, _stacktrace=sys.exc_info()[2]
    )
  File "/usr/lib/python3/dist-packages/urllib3/util/retry.py", line 519, in increment
    raise MaxRetryError(_pool, url, reason) from reason  # type: ignore[arg-type]
    ^^^^^^^^^^^^^^^^^^^^^^^^^^^^^^^^^^^^^^^^^^^^^^^^^^^
urllib3.exceptions.MaxRetryError: HTTPSConnectionPool(host='icare.lt-integra.com', port=443): Max retries exceeded with url: /otrs/index.pl (Caused by NameResolutionError("<urllib3.connection.HTTPSConnection object at 0x726cb1a95e50>: Failed to resolve 'icare.lt-integra.com' ([Errno -3] Temporary failure in name resolution)"))

During handling of the above exception, another exception occurred:

Traceback (most recent call last):
  File "/home/ismail/Downloads/Project Lainnya/Project Lain 1/scripts/otrs_history_fetcher.py", line 485, in <module>
    main()
    ~~~~^^
  File "/home/ismail/Downloads/Project Lainnya/Project Lain 1/scripts/otrs_history_fetcher.py", line 448, in main
    session, sess_id = get_session()
                       ~~~~~~~~~~~^^
  File "/home/ismail/Downloads/Project Lainnya/Project Lain 1/scripts/otrs_close_bridge.py", line 69, in get_session
    r_login = s_new.post(BASE_URL, data=login_payload, headers=DEFAULT_HEADERS, timeout=15)
  File "/usr/lib/python3/dist-packages/requests/sessions.py", line 637, in post
    return self.request("POST", url, data=data, json=json, **kwargs)
           ~~~~~~~~~~~~^^^^^^^^^^^^^^^^^^^^^^^^^^^^^^^^^^^^^^^^^^^^^
  File "/usr/lib/python3/dist-packages/requests/sessions.py", line 589, in request
    resp = self.send(prep, **send_kwargs)
  File "/usr/lib/python3/dist-packages/requests/sessions.py", line 703, in send
    r = adapter.send(request, **kwargs)
  File "/usr/lib/python3/dist-packages/requests/adapters.py", line 700, in send
    raise ConnectionError(e, request=request)
requests.exceptions.ConnectionError: HTTPSConnectionPool(host='icare.lt-integra.com', port=443): Max retries exceeded with url: /otrs/index.pl (Caused by NameResolutionError("<urllib3.connection.HTTPSConnection object at 0x726cb1a95e50>: Failed to resolve 'icare.lt-integra.com' ([Errno -3] Temporary failure in name resolution)"))

📊 Total unique tickets to sync: 0
ℹ️  No active tickets found in queue.

[19.26.38] 🚀 Starting iCare OTRS -> Supabase Synchronization...
📡 Fetching active tickets from iCare OTRS...
❌ Active fetch error: Fetcher exited with code 1: Traceback (most recent call last):
  File "/usr/lib/python3/dist-packages/urllib3/connection.py", line 198, in _new_conn
    sock = connection.create_connection(
        (self._dns_host, self.port),
    ...<2 lines>...
        socket_options=self.socket_options,
    )
  File "/usr/lib/python3/dist-packages/urllib3/util/connection.py", line 60, in create_connection
    for res in socket.getaddrinfo(host, port, family, socket.SOCK_STREAM):
               ~~~~~~~~~~~~~~~~~~^^^^^^^^^^^^^^^^^^^^^^^^^^^^^^^^^^^^^^^^
  File "/usr/lib/python3.13/socket.py", line 977, in getaddrinfo
    for res in _socket.getaddrinfo(host, port, family, type, proto, flags):
               ~~~~~~~~~~~~~~~~~~~^^^^^^^^^^^^^^^^^^^^^^^^^^^^^^^^^^^^^^^^
socket.gaierror: [Errno -3] Temporary failure in name resolution

The above exception was the direct cause of the following exception:

Traceback (most recent call last):
  File "/usr/lib/python3/dist-packages/urllib3/connectionpool.py", line 787, in urlopen
    response = self._make_request(
        conn,
    ...<10 lines>...
        **response_kw,
    )
  File "/usr/lib/python3/dist-packages/urllib3/connectionpool.py", line 488, in _make_request
    raise new_e
  File "/usr/lib/python3/dist-packages/urllib3/connectionpool.py", line 464, in _make_request
    self._validate_conn(conn)
    ~~~~~~~~~~~~~~~~~~~^^^^^^
  File "/usr/lib/python3/dist-packages/urllib3/connectionpool.py", line 1105, in _validate_conn
    conn.connect()
    ~~~~~~~~~~~~^^
  File "/usr/lib/python3/dist-packages/urllib3/connection.py", line 704, in connect
    self.sock = sock = self._new_conn()
                       ~~~~~~~~~~~~~~^^
  File "/usr/lib/python3/dist-packages/urllib3/connection.py", line 205, in _new_conn
    raise NameResolutionError(self.host, self, e) from e
urllib3.exceptions.NameResolutionError: <urllib3.connection.HTTPSConnection object at 0x7ce480b01e50>: Failed to resolve 'icare.lt-integra.com' ([Errno -3] Temporary failure in name resolution)

The above exception was the direct cause of the following exception:

Traceback (most recent call last):
  File "/usr/lib/python3/dist-packages/requests/adapters.py", line 667, in send
    resp = conn.urlopen(
        method=request.method,
    ...<9 lines>...
        chunked=chunked,
    )
  File "/usr/lib/python3/dist-packages/urllib3/connectionpool.py", line 841, in urlopen
    retries = retries.increment(
        method, url, error=new_e, _pool=self, _stacktrace=sys.exc_info()[2]
    )
  File "/usr/lib/python3/dist-packages/urllib3/util/retry.py", line 519, in increment
    raise MaxRetryError(_pool, url, reason) from reason  # type: ignore[arg-type]
    ^^^^^^^^^^^^^^^^^^^^^^^^^^^^^^^^^^^^^^^^^^^^^^^^^^^
urllib3.exceptions.MaxRetryError: HTTPSConnectionPool(host='icare.lt-integra.com', port=443): Max retries exceeded with url: /otrs/index.pl (Caused by NameResolutionError("<urllib3.connection.HTTPSConnection object at 0x7ce480b01e50>: Failed to resolve 'icare.lt-integra.com' ([Errno -3] Temporary failure in name resolution)"))

During handling of the above exception, another exception occurred:

Traceback (most recent call last):
  File "/home/ismail/Downloads/Project Lainnya/Project Lain 1/scripts/otrs_history_fetcher.py", line 485, in <module>
    main()
    ~~~~^^
  File "/home/ismail/Downloads/Project Lainnya/Project Lain 1/scripts/otrs_history_fetcher.py", line 448, in main
    session, sess_id = get_session()
                       ~~~~~~~~~~~^^
  File "/home/ismail/Downloads/Project Lainnya/Project Lain 1/scripts/otrs_close_bridge.py", line 69, in get_session
    r_login = s_new.post(BASE_URL, data=login_payload, headers=DEFAULT_HEADERS, timeout=15)
  File "/usr/lib/python3/dist-packages/requests/sessions.py", line 637, in post
    return self.request("POST", url, data=data, json=json, **kwargs)
           ~~~~~~~~~~~~^^^^^^^^^^^^^^^^^^^^^^^^^^^^^^^^^^^^^^^^^^^^^
  File "/usr/lib/python3/dist-packages/requests/sessions.py", line 589, in request
    resp = self.send(prep, **send_kwargs)
  File "/usr/lib/python3/dist-packages/requests/sessions.py", line 703, in send
    r = adapter.send(request, **kwargs)
  File "/usr/lib/python3/dist-packages/requests/adapters.py", line 700, in send
    raise ConnectionError(e, request=request)
requests.exceptions.ConnectionError: HTTPSConnectionPool(host='icare.lt-integra.com', port=443): Max retries exceeded with url: /otrs/index.pl (Caused by NameResolutionError("<urllib3.connection.HTTPSConnection object at 0x7ce480b01e50>: Failed to resolve 'icare.lt-integra.com' ([Errno -3] Temporary failure in name resolution)"))

📊 Total unique tickets to sync: 0
ℹ️  No active tickets found in queue.

[19.29.38] 🚀 Starting iCare OTRS -> Supabase Synchronization...
📡 Fetching active tickets from iCare OTRS...
❌ Active fetch error: Fetcher exited with code 1: Traceback (most recent call last):
  File "/usr/lib/python3/dist-packages/urllib3/connection.py", line 198, in _new_conn
    sock = connection.create_connection(
        (self._dns_host, self.port),
    ...<2 lines>...
        socket_options=self.socket_options,
    )
  File "/usr/lib/python3/dist-packages/urllib3/util/connection.py", line 60, in create_connection
    for res in socket.getaddrinfo(host, port, family, socket.SOCK_STREAM):
               ~~~~~~~~~~~~~~~~~~^^^^^^^^^^^^^^^^^^^^^^^^^^^^^^^^^^^^^^^^
  File "/usr/lib/python3.13/socket.py", line 977, in getaddrinfo
    for res in _socket.getaddrinfo(host, port, family, type, proto, flags):
               ~~~~~~~~~~~~~~~~~~~^^^^^^^^^^^^^^^^^^^^^^^^^^^^^^^^^^^^^^^^
socket.gaierror: [Errno -3] Temporary failure in name resolution

The above exception was the direct cause of the following exception:

Traceback (most recent call last):
  File "/usr/lib/python3/dist-packages/urllib3/connectionpool.py", line 787, in urlopen
    response = self._make_request(
        conn,
    ...<10 lines>...
        **response_kw,
    )
  File "/usr/lib/python3/dist-packages/urllib3/connectionpool.py", line 488, in _make_request
    raise new_e
  File "/usr/lib/python3/dist-packages/urllib3/connectionpool.py", line 464, in _make_request
    self._validate_conn(conn)
    ~~~~~~~~~~~~~~~~~~~^^^^^^
  File "/usr/lib/python3/dist-packages/urllib3/connectionpool.py", line 1105, in _validate_conn
    conn.connect()
    ~~~~~~~~~~~~^^
  File "/usr/lib/python3/dist-packages/urllib3/connection.py", line 704, in connect
    self.sock = sock = self._new_conn()
                       ~~~~~~~~~~~~~~^^
  File "/usr/lib/python3/dist-packages/urllib3/connection.py", line 205, in _new_conn
    raise NameResolutionError(self.host, self, e) from e
urllib3.exceptions.NameResolutionError: <urllib3.connection.HTTPSConnection object at 0x7c130e595e50>: Failed to resolve 'icare.lt-integra.com' ([Errno -3] Temporary failure in name resolution)

The above exception was the direct cause of the following exception:

Traceback (most recent call last):
  File "/usr/lib/python3/dist-packages/requests/adapters.py", line 667, in send
    resp = conn.urlopen(
        method=request.method,
    ...<9 lines>...
        chunked=chunked,
    )
  File "/usr/lib/python3/dist-packages/urllib3/connectionpool.py", line 841, in urlopen
    retries = retries.increment(
        method, url, error=new_e, _pool=self, _stacktrace=sys.exc_info()[2]
    )
  File "/usr/lib/python3/dist-packages/urllib3/util/retry.py", line 519, in increment
    raise MaxRetryError(_pool, url, reason) from reason  # type: ignore[arg-type]
    ^^^^^^^^^^^^^^^^^^^^^^^^^^^^^^^^^^^^^^^^^^^^^^^^^^^
urllib3.exceptions.MaxRetryError: HTTPSConnectionPool(host='icare.lt-integra.com', port=443): Max retries exceeded with url: /otrs/index.pl (Caused by NameResolutionError("<urllib3.connection.HTTPSConnection object at 0x7c130e595e50>: Failed to resolve 'icare.lt-integra.com' ([Errno -3] Temporary failure in name resolution)"))

During handling of the above exception, another exception occurred:

Traceback (most recent call last):
  File "/home/ismail/Downloads/Project Lainnya/Project Lain 1/scripts/otrs_history_fetcher.py", line 485, in <module>
    main()
    ~~~~^^
  File "/home/ismail/Downloads/Project Lainnya/Project Lain 1/scripts/otrs_history_fetcher.py", line 448, in main
    session, sess_id = get_session()
                       ~~~~~~~~~~~^^
  File "/home/ismail/Downloads/Project Lainnya/Project Lain 1/scripts/otrs_close_bridge.py", line 69, in get_session
    r_login = s_new.post(BASE_URL, data=login_payload, headers=DEFAULT_HEADERS, timeout=15)
  File "/usr/lib/python3/dist-packages/requests/sessions.py", line 637, in post
    return self.request("POST", url, data=data, json=json, **kwargs)
           ~~~~~~~~~~~~^^^^^^^^^^^^^^^^^^^^^^^^^^^^^^^^^^^^^^^^^^^^^
  File "/usr/lib/python3/dist-packages/requests/sessions.py", line 589, in request
    resp = self.send(prep, **send_kwargs)
  File "/usr/lib/python3/dist-packages/requests/sessions.py", line 703, in send
    r = adapter.send(request, **kwargs)
  File "/usr/lib/python3/dist-packages/requests/adapters.py", line 700, in send
    raise ConnectionError(e, request=request)
requests.exceptions.ConnectionError: HTTPSConnectionPool(host='icare.lt-integra.com', port=443): Max retries exceeded with url: /otrs/index.pl (Caused by NameResolutionError("<urllib3.connection.HTTPSConnection object at 0x7c130e595e50>: Failed to resolve 'icare.lt-integra.com' ([Errno -3] Temporary failure in name resolution)"))

📊 Total unique tickets to sync: 0
ℹ️  No active tickets found in queue.

[19.32.38] 🚀 Starting iCare OTRS -> Supabase Synchronization...
📡 Fetching active tickets from iCare OTRS...
❌ Active fetch error: Fetcher exited with code 1: Traceback (most recent call last):
  File "/usr/lib/python3/dist-packages/urllib3/connection.py", line 198, in _new_conn
    sock = connection.create_connection(
        (self._dns_host, self.port),
    ...<2 lines>...
        socket_options=self.socket_options,
    )
  File "/usr/lib/python3/dist-packages/urllib3/util/connection.py", line 60, in create_connection
    for res in socket.getaddrinfo(host, port, family, socket.SOCK_STREAM):
               ~~~~~~~~~~~~~~~~~~^^^^^^^^^^^^^^^^^^^^^^^^^^^^^^^^^^^^^^^^
  File "/usr/lib/python3.13/socket.py", line 977, in getaddrinfo
    for res in _socket.getaddrinfo(host, port, family, type, proto, flags):
               ~~~~~~~~~~~~~~~~~~~^^^^^^^^^^^^^^^^^^^^^^^^^^^^^^^^^^^^^^^^
socket.gaierror: [Errno -3] Temporary failure in name resolution

The above exception was the direct cause of the following exception:

Traceback (most recent call last):
  File "/usr/lib/python3/dist-packages/urllib3/connectionpool.py", line 787, in urlopen
    response = self._make_request(
        conn,
    ...<10 lines>...
        **response_kw,
    )
  File "/usr/lib/python3/dist-packages/urllib3/connectionpool.py", line 488, in _make_request
    raise new_e
  File "/usr/lib/python3/dist-packages/urllib3/connectionpool.py", line 464, in _make_request
    self._validate_conn(conn)
    ~~~~~~~~~~~~~~~~~~~^^^^^^
  File "/usr/lib/python3/dist-packages/urllib3/connectionpool.py", line 1105, in _validate_conn
    conn.connect()
    ~~~~~~~~~~~~^^
  File "/usr/lib/python3/dist-packages/urllib3/connection.py", line 704, in connect
    self.sock = sock = self._new_conn()
                       ~~~~~~~~~~~~~~^^
  File "/usr/lib/python3/dist-packages/urllib3/connection.py", line 205, in _new_conn
    raise NameResolutionError(self.host, self, e) from e
urllib3.exceptions.NameResolutionError: <urllib3.connection.HTTPSConnection object at 0x7bbd63bcde50>: Failed to resolve 'icare.lt-integra.com' ([Errno -3] Temporary failure in name resolution)

The above exception was the direct cause of the following exception:

Traceback (most recent call last):
  File "/usr/lib/python3/dist-packages/requests/adapters.py", line 667, in send
    resp = conn.urlopen(
        method=request.method,
    ...<9 lines>...
        chunked=chunked,
    )
  File "/usr/lib/python3/dist-packages/urllib3/connectionpool.py", line 841, in urlopen
    retries = retries.increment(
        method, url, error=new_e, _pool=self, _stacktrace=sys.exc_info()[2]
    )
  File "/usr/lib/python3/dist-packages/urllib3/util/retry.py", line 519, in increment
    raise MaxRetryError(_pool, url, reason) from reason  # type: ignore[arg-type]
    ^^^^^^^^^^^^^^^^^^^^^^^^^^^^^^^^^^^^^^^^^^^^^^^^^^^
urllib3.exceptions.MaxRetryError: HTTPSConnectionPool(host='icare.lt-integra.com', port=443): Max retries exceeded with url: /otrs/index.pl (Caused by NameResolutionError("<urllib3.connection.HTTPSConnection object at 0x7bbd63bcde50>: Failed to resolve 'icare.lt-integra.com' ([Errno -3] Temporary failure in name resolution)"))

During handling of the above exception, another exception occurred:

Traceback (most recent call last):
  File "/home/ismail/Downloads/Project Lainnya/Project Lain 1/scripts/otrs_history_fetcher.py", line 485, in <module>
    main()
    ~~~~^^
  File "/home/ismail/Downloads/Project Lainnya/Project Lain 1/scripts/otrs_history_fetcher.py", line 448, in main
    session, sess_id = get_session()
                       ~~~~~~~~~~~^^
  File "/home/ismail/Downloads/Project Lainnya/Project Lain 1/scripts/otrs_close_bridge.py", line 69, in get_session
    r_login = s_new.post(BASE_URL, data=login_payload, headers=DEFAULT_HEADERS, timeout=15)
  File "/usr/lib/python3/dist-packages/requests/sessions.py", line 637, in post
    return self.request("POST", url, data=data, json=json, **kwargs)
           ~~~~~~~~~~~~^^^^^^^^^^^^^^^^^^^^^^^^^^^^^^^^^^^^^^^^^^^^^
  File "/usr/lib/python3/dist-packages/requests/sessions.py", line 589, in request
    resp = self.send(prep, **send_kwargs)
  File "/usr/lib/python3/dist-packages/requests/sessions.py", line 703, in send
    r = adapter.send(request, **kwargs)
  File "/usr/lib/python3/dist-packages/requests/adapters.py", line 700, in send
    raise ConnectionError(e, request=request)
requests.exceptions.ConnectionError: HTTPSConnectionPool(host='icare.lt-integra.com', port=443): Max retries exceeded with url: /otrs/index.pl (Caused by NameResolutionError("<urllib3.connection.HTTPSConnection object at 0x7bbd63bcde50>: Failed to resolve 'icare.lt-integra.com' ([Errno -3] Temporary failure in name resolution)"))

📊 Total unique tickets to sync: 0
ℹ️  No active tickets found in queue.

[19.35.38] 🚀 Starting iCare OTRS -> Supabase Synchronization...
📡 Fetching active tickets from iCare OTRS...
❌ Active fetch error: Fetcher exited with code 1: Traceback (most recent call last):
  File "/usr/lib/python3/dist-packages/urllib3/connection.py", line 198, in _new_conn
    sock = connection.create_connection(
        (self._dns_host, self.port),
    ...<2 lines>...
        socket_options=self.socket_options,
    )
  File "/usr/lib/python3/dist-packages/urllib3/util/connection.py", line 60, in create_connection
    for res in socket.getaddrinfo(host, port, family, socket.SOCK_STREAM):
               ~~~~~~~~~~~~~~~~~~^^^^^^^^^^^^^^^^^^^^^^^^^^^^^^^^^^^^^^^^
  File "/usr/lib/python3.13/socket.py", line 977, in getaddrinfo
    for res in _socket.getaddrinfo(host, port, family, type, proto, flags):
               ~~~~~~~~~~~~~~~~~~~^^^^^^^^^^^^^^^^^^^^^^^^^^^^^^^^^^^^^^^^
socket.gaierror: [Errno -3] Temporary failure in name resolution

The above exception was the direct cause of the following exception:

Traceback (most recent call last):
  File "/usr/lib/python3/dist-packages/urllib3/connectionpool.py", line 787, in urlopen
    response = self._make_request(
        conn,
    ...<10 lines>...
        **response_kw,
    )
  File "/usr/lib/python3/dist-packages/urllib3/connectionpool.py", line 488, in _make_request
    raise new_e
  File "/usr/lib/python3/dist-packages/urllib3/connectionpool.py", line 464, in _make_request
    self._validate_conn(conn)
    ~~~~~~~~~~~~~~~~~~~^^^^^^
  File "/usr/lib/python3/dist-packages/urllib3/connectionpool.py", line 1105, in _validate_conn
    conn.connect()
    ~~~~~~~~~~~~^^
  File "/usr/lib/python3/dist-packages/urllib3/connection.py", line 704, in connect
    self.sock = sock = self._new_conn()
                       ~~~~~~~~~~~~~~^^
  File "/usr/lib/python3/dist-packages/urllib3/connection.py", line 205, in _new_conn
    raise NameResolutionError(self.host, self, e) from e
urllib3.exceptions.NameResolutionError: <urllib3.connection.HTTPSConnection object at 0x7096afc95e50>: Failed to resolve 'icare.lt-integra.com' ([Errno -3] Temporary failure in name resolution)

The above exception was the direct cause of the following exception:

Traceback (most recent call last):
  File "/usr/lib/python3/dist-packages/requests/adapters.py", line 667, in send
    resp = conn.urlopen(
        method=request.method,
    ...<9 lines>...
        chunked=chunked,
    )
  File "/usr/lib/python3/dist-packages/urllib3/connectionpool.py", line 841, in urlopen
    retries = retries.increment(
        method, url, error=new_e, _pool=self, _stacktrace=sys.exc_info()[2]
    )
  File "/usr/lib/python3/dist-packages/urllib3/util/retry.py", line 519, in increment
    raise MaxRetryError(_pool, url, reason) from reason  # type: ignore[arg-type]
    ^^^^^^^^^^^^^^^^^^^^^^^^^^^^^^^^^^^^^^^^^^^^^^^^^^^
urllib3.exceptions.MaxRetryError: HTTPSConnectionPool(host='icare.lt-integra.com', port=443): Max retries exceeded with url: /otrs/index.pl (Caused by NameResolutionError("<urllib3.connection.HTTPSConnection object at 0x7096afc95e50>: Failed to resolve 'icare.lt-integra.com' ([Errno -3] Temporary failure in name resolution)"))

During handling of the above exception, another exception occurred:

Traceback (most recent call last):
  File "/home/ismail/Downloads/Project Lainnya/Project Lain 1/scripts/otrs_history_fetcher.py", line 485, in <module>
    main()
    ~~~~^^
  File "/home/ismail/Downloads/Project Lainnya/Project Lain 1/scripts/otrs_history_fetcher.py", line 448, in main
    session, sess_id = get_session()
                       ~~~~~~~~~~~^^
  File "/home/ismail/Downloads/Project Lainnya/Project Lain 1/scripts/otrs_close_bridge.py", line 69, in get_session
    r_login = s_new.post(BASE_URL, data=login_payload, headers=DEFAULT_HEADERS, timeout=15)
  File "/usr/lib/python3/dist-packages/requests/sessions.py", line 637, in post
    return self.request("POST", url, data=data, json=json, **kwargs)
           ~~~~~~~~~~~~^^^^^^^^^^^^^^^^^^^^^^^^^^^^^^^^^^^^^^^^^^^^^
  File "/usr/lib/python3/dist-packages/requests/sessions.py", line 589, in request
    resp = self.send(prep, **send_kwargs)
  File "/usr/lib/python3/dist-packages/requests/sessions.py", line 703, in send
    r = adapter.send(request, **kwargs)
  File "/usr/lib/python3/dist-packages/requests/adapters.py", line 700, in send
    raise ConnectionError(e, request=request)
requests.exceptions.ConnectionError: HTTPSConnectionPool(host='icare.lt-integra.com', port=443): Max retries exceeded with url: /otrs/index.pl (Caused by NameResolutionError("<urllib3.connection.HTTPSConnection object at 0x7096afc95e50>: Failed to resolve 'icare.lt-integra.com' ([Errno -3] Temporary failure in name resolution)"))

📊 Total unique tickets to sync: 0
ℹ️  No active tickets found in queue.

[19.38.38] 🚀 Starting iCare OTRS -> Supabase Synchronization...
📡 Fetching active tickets from iCare OTRS...
❌ Active fetch error: Fetcher exited with code 1: Traceback (most recent call last):
  File "/usr/lib/python3/dist-packages/urllib3/connection.py", line 198, in _new_conn
    sock = connection.create_connection(
        (self._dns_host, self.port),
    ...<2 lines>...
        socket_options=self.socket_options,
    )
  File "/usr/lib/python3/dist-packages/urllib3/util/connection.py", line 60, in create_connection
    for res in socket.getaddrinfo(host, port, family, socket.SOCK_STREAM):
               ~~~~~~~~~~~~~~~~~~^^^^^^^^^^^^^^^^^^^^^^^^^^^^^^^^^^^^^^^^
  File "/usr/lib/python3.13/socket.py", line 977, in getaddrinfo
    for res in _socket.getaddrinfo(host, port, family, type, proto, flags):
               ~~~~~~~~~~~~~~~~~~~^^^^^^^^^^^^^^^^^^^^^^^^^^^^^^^^^^^^^^^^
socket.gaierror: [Errno -3] Temporary failure in name resolution

The above exception was the direct cause of the following exception:

Traceback (most recent call last):
  File "/usr/lib/python3/dist-packages/urllib3/connectionpool.py", line 787, in urlopen
    response = self._make_request(
        conn,
    ...<10 lines>...
        **response_kw,
    )
  File "/usr/lib/python3/dist-packages/urllib3/connectionpool.py", line 488, in _make_request
    raise new_e
  File "/usr/lib/python3/dist-packages/urllib3/connectionpool.py", line 464, in _make_request
    self._validate_conn(conn)
    ~~~~~~~~~~~~~~~~~~~^^^^^^
  File "/usr/lib/python3/dist-packages/urllib3/connectionpool.py", line 1105, in _validate_conn
    conn.connect()
    ~~~~~~~~~~~~^^
  File "/usr/lib/python3/dist-packages/urllib3/connection.py", line 704, in connect
    self.sock = sock = self._new_conn()
                       ~~~~~~~~~~~~~~^^
  File "/usr/lib/python3/dist-packages/urllib3/connection.py", line 205, in _new_conn
    raise NameResolutionError(self.host, self, e) from e
urllib3.exceptions.NameResolutionError: <urllib3.connection.HTTPSConnection object at 0x76fdbd535e50>: Failed to resolve 'icare.lt-integra.com' ([Errno -3] Temporary failure in name resolution)

The above exception was the direct cause of the following exception:

Traceback (most recent call last):
  File "/usr/lib/python3/dist-packages/requests/adapters.py", line 667, in send
    resp = conn.urlopen(
        method=request.method,
    ...<9 lines>...
        chunked=chunked,
    )
  File "/usr/lib/python3/dist-packages/urllib3/connectionpool.py", line 841, in urlopen
    retries = retries.increment(
        method, url, error=new_e, _pool=self, _stacktrace=sys.exc_info()[2]
    )
  File "/usr/lib/python3/dist-packages/urllib3/util/retry.py", line 519, in increment
    raise MaxRetryError(_pool, url, reason) from reason  # type: ignore[arg-type]
    ^^^^^^^^^^^^^^^^^^^^^^^^^^^^^^^^^^^^^^^^^^^^^^^^^^^
urllib3.exceptions.MaxRetryError: HTTPSConnectionPool(host='icare.lt-integra.com', port=443): Max retries exceeded with url: /otrs/index.pl (Caused by NameResolutionError("<urllib3.connection.HTTPSConnection object at 0x76fdbd535e50>: Failed to resolve 'icare.lt-integra.com' ([Errno -3] Temporary failure in name resolution)"))

During handling of the above exception, another exception occurred:

Traceback (most recent call last):
  File "/home/ismail/Downloads/Project Lainnya/Project Lain 1/scripts/otrs_history_fetcher.py", line 485, in <module>
    main()
    ~~~~^^
  File "/home/ismail/Downloads/Project Lainnya/Project Lain 1/scripts/otrs_history_fetcher.py", line 448, in main
    session, sess_id = get_session()
                       ~~~~~~~~~~~^^
  File "/home/ismail/Downloads/Project Lainnya/Project Lain 1/scripts/otrs_close_bridge.py", line 69, in get_session
    r_login = s_new.post(BASE_URL, data=login_payload, headers=DEFAULT_HEADERS, timeout=15)
  File "/usr/lib/python3/dist-packages/requests/sessions.py", line 637, in post
    return self.request("POST", url, data=data, json=json, **kwargs)
           ~~~~~~~~~~~~^^^^^^^^^^^^^^^^^^^^^^^^^^^^^^^^^^^^^^^^^^^^^
  File "/usr/lib/python3/dist-packages/requests/sessions.py", line 589, in request
    resp = self.send(prep, **send_kwargs)
  File "/usr/lib/python3/dist-packages/requests/sessions.py", line 703, in send
    r = adapter.send(request, **kwargs)
  File "/usr/lib/python3/dist-packages/requests/adapters.py", line 700, in send
    raise ConnectionError(e, request=request)
requests.exceptions.ConnectionError: HTTPSConnectionPool(host='icare.lt-integra.com', port=443): Max retries exceeded with url: /otrs/index.pl (Caused by NameResolutionError("<urllib3.connection.HTTPSConnection object at 0x76fdbd535e50>: Failed to resolve 'icare.lt-integra.com' ([Errno -3] Temporary failure in name resolution)"))

📊 Total unique tickets to sync: 0
ℹ️  No active tickets found in queue.

[19.41.38] 🚀 Starting iCare OTRS -> Supabase Synchronization...
📡 Fetching active tickets from iCare OTRS...
❌ Active fetch error: Fetcher exited with code 1: Traceback (most recent call last):
  File "/usr/lib/python3/dist-packages/urllib3/connection.py", line 198, in _new_conn
    sock = connection.create_connection(
        (self._dns_host, self.port),
    ...<2 lines>...
        socket_options=self.socket_options,
    )
  File "/usr/lib/python3/dist-packages/urllib3/util/connection.py", line 60, in create_connection
    for res in socket.getaddrinfo(host, port, family, socket.SOCK_STREAM):
               ~~~~~~~~~~~~~~~~~~^^^^^^^^^^^^^^^^^^^^^^^^^^^^^^^^^^^^^^^^
  File "/usr/lib/python3.13/socket.py", line 977, in getaddrinfo
    for res in _socket.getaddrinfo(host, port, family, type, proto, flags):
               ~~~~~~~~~~~~~~~~~~~^^^^^^^^^^^^^^^^^^^^^^^^^^^^^^^^^^^^^^^^
socket.gaierror: [Errno -3] Temporary failure in name resolution

The above exception was the direct cause of the following exception:

Traceback (most recent call last):
  File "/usr/lib/python3/dist-packages/urllib3/connectionpool.py", line 787, in urlopen
    response = self._make_request(
        conn,
    ...<10 lines>...
        **response_kw,
    )
  File "/usr/lib/python3/dist-packages/urllib3/connectionpool.py", line 488, in _make_request
    raise new_e
  File "/usr/lib/python3/dist-packages/urllib3/connectionpool.py", line 464, in _make_request
    self._validate_conn(conn)
    ~~~~~~~~~~~~~~~~~~~^^^^^^
  File "/usr/lib/python3/dist-packages/urllib3/connectionpool.py", line 1105, in _validate_conn
    conn.connect()
    ~~~~~~~~~~~~^^
  File "/usr/lib/python3/dist-packages/urllib3/connection.py", line 704, in connect
    self.sock = sock = self._new_conn()
                       ~~~~~~~~~~~~~~^^
  File "/usr/lib/python3/dist-packages/urllib3/connection.py", line 205, in _new_conn
    raise NameResolutionError(self.host, self, e) from e
urllib3.exceptions.NameResolutionError: <urllib3.connection.HTTPSConnection object at 0x7f4a7dc6de50>: Failed to resolve 'icare.lt-integra.com' ([Errno -3] Temporary failure in name resolution)

The above exception was the direct cause of the following exception:

Traceback (most recent call last):
  File "/usr/lib/python3/dist-packages/requests/adapters.py", line 667, in send
    resp = conn.urlopen(
        method=request.method,
    ...<9 lines>...
        chunked=chunked,
    )
  File "/usr/lib/python3/dist-packages/urllib3/connectionpool.py", line 841, in urlopen
    retries = retries.increment(
        method, url, error=new_e, _pool=self, _stacktrace=sys.exc_info()[2]
    )
  File "/usr/lib/python3/dist-packages/urllib3/util/retry.py", line 519, in increment
    raise MaxRetryError(_pool, url, reason) from reason  # type: ignore[arg-type]
    ^^^^^^^^^^^^^^^^^^^^^^^^^^^^^^^^^^^^^^^^^^^^^^^^^^^
urllib3.exceptions.MaxRetryError: HTTPSConnectionPool(host='icare.lt-integra.com', port=443): Max retries exceeded with url: /otrs/index.pl (Caused by NameResolutionError("<urllib3.connection.HTTPSConnection object at 0x7f4a7dc6de50>: Failed to resolve 'icare.lt-integra.com' ([Errno -3] Temporary failure in name resolution)"))

During handling of the above exception, another exception occurred:

Traceback (most recent call last):
  File "/home/ismail/Downloads/Project Lainnya/Project Lain 1/scripts/otrs_history_fetcher.py", line 485, in <module>
    main()
    ~~~~^^
  File "/home/ismail/Downloads/Project Lainnya/Project Lain 1/scripts/otrs_history_fetcher.py", line 448, in main
    session, sess_id = get_session()
                       ~~~~~~~~~~~^^
  File "/home/ismail/Downloads/Project Lainnya/Project Lain 1/scripts/otrs_close_bridge.py", line 69, in get_session
    r_login = s_new.post(BASE_URL, data=login_payload, headers=DEFAULT_HEADERS, timeout=15)
  File "/usr/lib/python3/dist-packages/requests/sessions.py", line 637, in post
    return self.request("POST", url, data=data, json=json, **kwargs)
           ~~~~~~~~~~~~^^^^^^^^^^^^^^^^^^^^^^^^^^^^^^^^^^^^^^^^^^^^^
  File "/usr/lib/python3/dist-packages/requests/sessions.py", line 589, in request
    resp = self.send(prep, **send_kwargs)
  File "/usr/lib/python3/dist-packages/requests/sessions.py", line 703, in send
    r = adapter.send(request, **kwargs)
  File "/usr/lib/python3/dist-packages/requests/adapters.py", line 700, in send
    raise ConnectionError(e, request=request)
requests.exceptions.ConnectionError: HTTPSConnectionPool(host='icare.lt-integra.com', port=443): Max retries exceeded with url: /otrs/index.pl (Caused by NameResolutionError("<urllib3.connection.HTTPSConnection object at 0x7f4a7dc6de50>: Failed to resolve 'icare.lt-integra.com' ([Errno -3] Temporary failure in name resolution)"))

📊 Total unique tickets to sync: 0
ℹ️  No active tickets found in queue.

[19.44.38] 🚀 Starting iCare OTRS -> Supabase Synchronization...
📡 Fetching active tickets from iCare OTRS...
❌ Active fetch error: Fetcher exited with code 1: Traceback (most recent call last):
  File "/usr/lib/python3/dist-packages/urllib3/connection.py", line 198, in _new_conn
    sock = connection.create_connection(
        (self._dns_host, self.port),
    ...<2 lines>...
        socket_options=self.socket_options,
    )
  File "/usr/lib/python3/dist-packages/urllib3/util/connection.py", line 60, in create_connection
    for res in socket.getaddrinfo(host, port, family, socket.SOCK_STREAM):
               ~~~~~~~~~~~~~~~~~~^^^^^^^^^^^^^^^^^^^^^^^^^^^^^^^^^^^^^^^^
  File "/usr/lib/python3.13/socket.py", line 977, in getaddrinfo
    for res in _socket.getaddrinfo(host, port, family, type, proto, flags):
               ~~~~~~~~~~~~~~~~~~~^^^^^^^^^^^^^^^^^^^^^^^^^^^^^^^^^^^^^^^^
socket.gaierror: [Errno -3] Temporary failure in name resolution

The above exception was the direct cause of the following exception:

Traceback (most recent call last):
  File "/usr/lib/python3/dist-packages/urllib3/connectionpool.py", line 787, in urlopen
    response = self._make_request(
        conn,
    ...<10 lines>...
        **response_kw,
    )
  File "/usr/lib/python3/dist-packages/urllib3/connectionpool.py", line 488, in _make_request
    raise new_e
  File "/usr/lib/python3/dist-packages/urllib3/connectionpool.py", line 464, in _make_request
    self._validate_conn(conn)
    ~~~~~~~~~~~~~~~~~~~^^^^^^
  File "/usr/lib/python3/dist-packages/urllib3/connectionpool.py", line 1105, in _validate_conn
    conn.connect()
    ~~~~~~~~~~~~^^
  File "/usr/lib/python3/dist-packages/urllib3/connection.py", line 704, in connect
    self.sock = sock = self._new_conn()
                       ~~~~~~~~~~~~~~^^
  File "/usr/lib/python3/dist-packages/urllib3/connection.py", line 205, in _new_conn
    raise NameResolutionError(self.host, self, e) from e
urllib3.exceptions.NameResolutionError: <urllib3.connection.HTTPSConnection object at 0x7ddb5a5c1e50>: Failed to resolve 'icare.lt-integra.com' ([Errno -3] Temporary failure in name resolution)

The above exception was the direct cause of the following exception:

Traceback (most recent call last):
  File "/usr/lib/python3/dist-packages/requests/adapters.py", line 667, in send
    resp = conn.urlopen(
        method=request.method,
    ...<9 lines>...
        chunked=chunked,
    )
  File "/usr/lib/python3/dist-packages/urllib3/connectionpool.py", line 841, in urlopen
    retries = retries.increment(
        method, url, error=new_e, _pool=self, _stacktrace=sys.exc_info()[2]
    )
  File "/usr/lib/python3/dist-packages/urllib3/util/retry.py", line 519, in increment
    raise MaxRetryError(_pool, url, reason) from reason  # type: ignore[arg-type]
    ^^^^^^^^^^^^^^^^^^^^^^^^^^^^^^^^^^^^^^^^^^^^^^^^^^^
urllib3.exceptions.MaxRetryError: HTTPSConnectionPool(host='icare.lt-integra.com', port=443): Max retries exceeded with url: /otrs/index.pl (Caused by NameResolutionError("<urllib3.connection.HTTPSConnection object at 0x7ddb5a5c1e50>: Failed to resolve 'icare.lt-integra.com' ([Errno -3] Temporary failure in name resolution)"))

During handling of the above exception, another exception occurred:

Traceback (most recent call last):
  File "/home/ismail/Downloads/Project Lainnya/Project Lain 1/scripts/otrs_history_fetcher.py", line 485, in <module>
    main()
    ~~~~^^
  File "/home/ismail/Downloads/Project Lainnya/Project Lain 1/scripts/otrs_history_fetcher.py", line 448, in main
    session, sess_id = get_session()
                       ~~~~~~~~~~~^^
  File "/home/ismail/Downloads/Project Lainnya/Project Lain 1/scripts/otrs_close_bridge.py", line 69, in get_session
    r_login = s_new.post(BASE_URL, data=login_payload, headers=DEFAULT_HEADERS, timeout=15)
  File "/usr/lib/python3/dist-packages/requests/sessions.py", line 637, in post
    return self.request("POST", url, data=data, json=json, **kwargs)
           ~~~~~~~~~~~~^^^^^^^^^^^^^^^^^^^^^^^^^^^^^^^^^^^^^^^^^^^^^
  File "/usr/lib/python3/dist-packages/requests/sessions.py", line 589, in request
    resp = self.send(prep, **send_kwargs)
  File "/usr/lib/python3/dist-packages/requests/sessions.py", line 703, in send
    r = adapter.send(request, **kwargs)
  File "/usr/lib/python3/dist-packages/requests/adapters.py", line 700, in send
    raise ConnectionError(e, request=request)
requests.exceptions.ConnectionError: HTTPSConnectionPool(host='icare.lt-integra.com', port=443): Max retries exceeded with url: /otrs/index.pl (Caused by NameResolutionError("<urllib3.connection.HTTPSConnection object at 0x7ddb5a5c1e50>: Failed to resolve 'icare.lt-integra.com' ([Errno -3] Temporary failure in name resolution)"))

📊 Total unique tickets to sync: 0
ℹ️  No active tickets found in queue.

[19.47.38] 🚀 Starting iCare OTRS -> Supabase Synchronization...
📡 Fetching active tickets from iCare OTRS...
❌ Active fetch error: Fetcher exited with code 1: Traceback (most recent call last):
  File "/usr/lib/python3/dist-packages/urllib3/connection.py", line 198, in _new_conn
    sock = connection.create_connection(
        (self._dns_host, self.port),
    ...<2 lines>...
        socket_options=self.socket_options,
    )
  File "/usr/lib/python3/dist-packages/urllib3/util/connection.py", line 60, in create_connection
    for res in socket.getaddrinfo(host, port, family, socket.SOCK_STREAM):
               ~~~~~~~~~~~~~~~~~~^^^^^^^^^^^^^^^^^^^^^^^^^^^^^^^^^^^^^^^^
  File "/usr/lib/python3.13/socket.py", line 977, in getaddrinfo
    for res in _socket.getaddrinfo(host, port, family, type, proto, flags):
               ~~~~~~~~~~~~~~~~~~~^^^^^^^^^^^^^^^^^^^^^^^^^^^^^^^^^^^^^^^^
socket.gaierror: [Errno -3] Temporary failure in name resolution

The above exception was the direct cause of the following exception:

Traceback (most recent call last):
  File "/usr/lib/python3/dist-packages/urllib3/connectionpool.py", line 787, in urlopen
    response = self._make_request(
        conn,
    ...<10 lines>...
        **response_kw,
    )
  File "/usr/lib/python3/dist-packages/urllib3/connectionpool.py", line 488, in _make_request
    raise new_e
  File "/usr/lib/python3/dist-packages/urllib3/connectionpool.py", line 464, in _make_request
    self._validate_conn(conn)
    ~~~~~~~~~~~~~~~~~~~^^^^^^
  File "/usr/lib/python3/dist-packages/urllib3/connectionpool.py", line 1105, in _validate_conn
    conn.connect()
    ~~~~~~~~~~~~^^
  File "/usr/lib/python3/dist-packages/urllib3/connection.py", line 704, in connect
    self.sock = sock = self._new_conn()
                       ~~~~~~~~~~~~~~^^
  File "/usr/lib/python3/dist-packages/urllib3/connection.py", line 205, in _new_conn
    raise NameResolutionError(self.host, self, e) from e
urllib3.exceptions.NameResolutionError: <urllib3.connection.HTTPSConnection object at 0x73c9edb81e50>: Failed to resolve 'icare.lt-integra.com' ([Errno -3] Temporary failure in name resolution)

The above exception was the direct cause of the following exception:

Traceback (most recent call last):
  File "/usr/lib/python3/dist-packages/requests/adapters.py", line 667, in send
    resp = conn.urlopen(
        method=request.method,
    ...<9 lines>...
        chunked=chunked,
    )
  File "/usr/lib/python3/dist-packages/urllib3/connectionpool.py", line 841, in urlopen
    retries = retries.increment(
        method, url, error=new_e, _pool=self, _stacktrace=sys.exc_info()[2]
    )
  File "/usr/lib/python3/dist-packages/urllib3/util/retry.py", line 519, in increment
    raise MaxRetryError(_pool, url, reason) from reason  # type: ignore[arg-type]
    ^^^^^^^^^^^^^^^^^^^^^^^^^^^^^^^^^^^^^^^^^^^^^^^^^^^
urllib3.exceptions.MaxRetryError: HTTPSConnectionPool(host='icare.lt-integra.com', port=443): Max retries exceeded with url: /otrs/index.pl (Caused by NameResolutionError("<urllib3.connection.HTTPSConnection object at 0x73c9edb81e50>: Failed to resolve 'icare.lt-integra.com' ([Errno -3] Temporary failure in name resolution)"))

During handling of the above exception, another exception occurred:

Traceback (most recent call last):
  File "/home/ismail/Downloads/Project Lainnya/Project Lain 1/scripts/otrs_history_fetcher.py", line 485, in <module>
    main()
    ~~~~^^
  File "/home/ismail/Downloads/Project Lainnya/Project Lain 1/scripts/otrs_history_fetcher.py", line 448, in main
    session, sess_id = get_session()
                       ~~~~~~~~~~~^^
  File "/home/ismail/Downloads/Project Lainnya/Project Lain 1/scripts/otrs_close_bridge.py", line 69, in get_session
    r_login = s_new.post(BASE_URL, data=login_payload, headers=DEFAULT_HEADERS, timeout=15)
  File "/usr/lib/python3/dist-packages/requests/sessions.py", line 637, in post
    return self.request("POST", url, data=data, json=json, **kwargs)
           ~~~~~~~~~~~~^^^^^^^^^^^^^^^^^^^^^^^^^^^^^^^^^^^^^^^^^^^^^
  File "/usr/lib/python3/dist-packages/requests/sessions.py", line 589, in request
    resp = self.send(prep, **send_kwargs)
  File "/usr/lib/python3/dist-packages/requests/sessions.py", line 703, in send
    r = adapter.send(request, **kwargs)
  File "/usr/lib/python3/dist-packages/requests/adapters.py", line 700, in send
    raise ConnectionError(e, request=request)
requests.exceptions.ConnectionError: HTTPSConnectionPool(host='icare.lt-integra.com', port=443): Max retries exceeded with url: /otrs/index.pl (Caused by NameResolutionError("<urllib3.connection.HTTPSConnection object at 0x73c9edb81e50>: Failed to resolve 'icare.lt-integra.com' ([Errno -3] Temporary failure in name resolution)"))

📊 Total unique tickets to sync: 0
ℹ️  No active tickets found in queue.

[19.50.38] 🚀 Starting iCare OTRS -> Supabase Synchronization...
📡 Fetching active tickets from iCare OTRS...
❌ Active fetch error: Fetcher exited with code 1: Traceback (most recent call last):
  File "/usr/lib/python3/dist-packages/urllib3/connection.py", line 198, in _new_conn
    sock = connection.create_connection(
        (self._dns_host, self.port),
    ...<2 lines>...
        socket_options=self.socket_options,
    )
  File "/usr/lib/python3/dist-packages/urllib3/util/connection.py", line 60, in create_connection
    for res in socket.getaddrinfo(host, port, family, socket.SOCK_STREAM):
               ~~~~~~~~~~~~~~~~~~^^^^^^^^^^^^^^^^^^^^^^^^^^^^^^^^^^^^^^^^
  File "/usr/lib/python3.13/socket.py", line 977, in getaddrinfo
    for res in _socket.getaddrinfo(host, port, family, type, proto, flags):
               ~~~~~~~~~~~~~~~~~~~^^^^^^^^^^^^^^^^^^^^^^^^^^^^^^^^^^^^^^^^
socket.gaierror: [Errno -3] Temporary failure in name resolution

The above exception was the direct cause of the following exception:

Traceback (most recent call last):
  File "/usr/lib/python3/dist-packages/urllib3/connectionpool.py", line 787, in urlopen
    response = self._make_request(
        conn,
    ...<10 lines>...
        **response_kw,
    )
  File "/usr/lib/python3/dist-packages/urllib3/connectionpool.py", line 488, in _make_request
    raise new_e
  File "/usr/lib/python3/dist-packages/urllib3/connectionpool.py", line 464, in _make_request
    self._validate_conn(conn)
    ~~~~~~~~~~~~~~~~~~~^^^^^^
  File "/usr/lib/python3/dist-packages/urllib3/connectionpool.py", line 1105, in _validate_conn
    conn.connect()
    ~~~~~~~~~~~~^^
  File "/usr/lib/python3/dist-packages/urllib3/connection.py", line 704, in connect
    self.sock = sock = self._new_conn()
                       ~~~~~~~~~~~~~~^^
  File "/usr/lib/python3/dist-packages/urllib3/connection.py", line 205, in _new_conn
    raise NameResolutionError(self.host, self, e) from e
urllib3.exceptions.NameResolutionError: <urllib3.connection.HTTPSConnection object at 0x7ef3dc301e50>: Failed to resolve 'icare.lt-integra.com' ([Errno -3] Temporary failure in name resolution)

The above exception was the direct cause of the following exception:

Traceback (most recent call last):
  File "/usr/lib/python3/dist-packages/requests/adapters.py", line 667, in send
    resp = conn.urlopen(
        method=request.method,
    ...<9 lines>...
        chunked=chunked,
    )
  File "/usr/lib/python3/dist-packages/urllib3/connectionpool.py", line 841, in urlopen
    retries = retries.increment(
        method, url, error=new_e, _pool=self, _stacktrace=sys.exc_info()[2]
    )
  File "/usr/lib/python3/dist-packages/urllib3/util/retry.py", line 519, in increment
    raise MaxRetryError(_pool, url, reason) from reason  # type: ignore[arg-type]
    ^^^^^^^^^^^^^^^^^^^^^^^^^^^^^^^^^^^^^^^^^^^^^^^^^^^
urllib3.exceptions.MaxRetryError: HTTPSConnectionPool(host='icare.lt-integra.com', port=443): Max retries exceeded with url: /otrs/index.pl (Caused by NameResolutionError("<urllib3.connection.HTTPSConnection object at 0x7ef3dc301e50>: Failed to resolve 'icare.lt-integra.com' ([Errno -3] Temporary failure in name resolution)"))

During handling of the above exception, another exception occurred:

Traceback (most recent call last):
  File "/home/ismail/Downloads/Project Lainnya/Project Lain 1/scripts/otrs_history_fetcher.py", line 485, in <module>
    main()
    ~~~~^^
  File "/home/ismail/Downloads/Project Lainnya/Project Lain 1/scripts/otrs_history_fetcher.py", line 448, in main
    session, sess_id = get_session()
                       ~~~~~~~~~~~^^
  File "/home/ismail/Downloads/Project Lainnya/Project Lain 1/scripts/otrs_close_bridge.py", line 69, in get_session
    r_login = s_new.post(BASE_URL, data=login_payload, headers=DEFAULT_HEADERS, timeout=15)
  File "/usr/lib/python3/dist-packages/requests/sessions.py", line 637, in post
    return self.request("POST", url, data=data, json=json, **kwargs)
           ~~~~~~~~~~~~^^^^^^^^^^^^^^^^^^^^^^^^^^^^^^^^^^^^^^^^^^^^^
  File "/usr/lib/python3/dist-packages/requests/sessions.py", line 589, in request
    resp = self.send(prep, **send_kwargs)
  File "/usr/lib/python3/dist-packages/requests/sessions.py", line 703, in send
    r = adapter.send(request, **kwargs)
  File "/usr/lib/python3/dist-packages/requests/adapters.py", line 700, in send
    raise ConnectionError(e, request=request)
requests.exceptions.ConnectionError: HTTPSConnectionPool(host='icare.lt-integra.com', port=443): Max retries exceeded with url: /otrs/index.pl (Caused by NameResolutionError("<urllib3.connection.HTTPSConnection object at 0x7ef3dc301e50>: Failed to resolve 'icare.lt-integra.com' ([Errno -3] Temporary failure in name resolution)"))

📊 Total unique tickets to sync: 0
ℹ️  No active tickets found in queue.

[19.53.38] 🚀 Starting iCare OTRS -> Supabase Synchronization...
📡 Fetching active tickets from iCare OTRS...
❌ Active fetch error: Fetcher exited with code 1: Traceback (most recent call last):
  File "/usr/lib/python3/dist-packages/urllib3/connection.py", line 198, in _new_conn
    sock = connection.create_connection(
        (self._dns_host, self.port),
    ...<2 lines>...
        socket_options=self.socket_options,
    )
  File "/usr/lib/python3/dist-packages/urllib3/util/connection.py", line 60, in create_connection
    for res in socket.getaddrinfo(host, port, family, socket.SOCK_STREAM):
               ~~~~~~~~~~~~~~~~~~^^^^^^^^^^^^^^^^^^^^^^^^^^^^^^^^^^^^^^^^
  File "/usr/lib/python3.13/socket.py", line 977, in getaddrinfo
    for res in _socket.getaddrinfo(host, port, family, type, proto, flags):
               ~~~~~~~~~~~~~~~~~~~^^^^^^^^^^^^^^^^^^^^^^^^^^^^^^^^^^^^^^^^
socket.gaierror: [Errno -3] Temporary failure in name resolution

The above exception was the direct cause of the following exception:

Traceback (most recent call last):
  File "/usr/lib/python3/dist-packages/urllib3/connectionpool.py", line 787, in urlopen
    response = self._make_request(
        conn,
    ...<10 lines>...
        **response_kw,
    )
  File "/usr/lib/python3/dist-packages/urllib3/connectionpool.py", line 488, in _make_request
    raise new_e
  File "/usr/lib/python3/dist-packages/urllib3/connectionpool.py", line 464, in _make_request
    self._validate_conn(conn)
    ~~~~~~~~~~~~~~~~~~~^^^^^^
  File "/usr/lib/python3/dist-packages/urllib3/connectionpool.py", line 1105, in _validate_conn
    conn.connect()
    ~~~~~~~~~~~~^^
  File "/usr/lib/python3/dist-packages/urllib3/connection.py", line 704, in connect
    self.sock = sock = self._new_conn()
                       ~~~~~~~~~~~~~~^^
  File "/usr/lib/python3/dist-packages/urllib3/connection.py", line 205, in _new_conn
    raise NameResolutionError(self.host, self, e) from e
urllib3.exceptions.NameResolutionError: <urllib3.connection.HTTPSConnection object at 0x7314781cde50>: Failed to resolve 'icare.lt-integra.com' ([Errno -3] Temporary failure in name resolution)

The above exception was the direct cause of the following exception:

Traceback (most recent call last):
  File "/usr/lib/python3/dist-packages/requests/adapters.py", line 667, in send
    resp = conn.urlopen(
        method=request.method,
    ...<9 lines>...
        chunked=chunked,
    )
  File "/usr/lib/python3/dist-packages/urllib3/connectionpool.py", line 841, in urlopen
    retries = retries.increment(
        method, url, error=new_e, _pool=self, _stacktrace=sys.exc_info()[2]
    )
  File "/usr/lib/python3/dist-packages/urllib3/util/retry.py", line 519, in increment
    raise MaxRetryError(_pool, url, reason) from reason  # type: ignore[arg-type]
    ^^^^^^^^^^^^^^^^^^^^^^^^^^^^^^^^^^^^^^^^^^^^^^^^^^^
urllib3.exceptions.MaxRetryError: HTTPSConnectionPool(host='icare.lt-integra.com', port=443): Max retries exceeded with url: /otrs/index.pl (Caused by NameResolutionError("<urllib3.connection.HTTPSConnection object at 0x7314781cde50>: Failed to resolve 'icare.lt-integra.com' ([Errno -3] Temporary failure in name resolution)"))

During handling of the above exception, another exception occurred:

Traceback (most recent call last):
  File "/home/ismail/Downloads/Project Lainnya/Project Lain 1/scripts/otrs_history_fetcher.py", line 485, in <module>
    main()
    ~~~~^^
  File "/home/ismail/Downloads/Project Lainnya/Project Lain 1/scripts/otrs_history_fetcher.py", line 448, in main
    session, sess_id = get_session()
                       ~~~~~~~~~~~^^
  File "/home/ismail/Downloads/Project Lainnya/Project Lain 1/scripts/otrs_close_bridge.py", line 69, in get_session
    r_login = s_new.post(BASE_URL, data=login_payload, headers=DEFAULT_HEADERS, timeout=15)
  File "/usr/lib/python3/dist-packages/requests/sessions.py", line 637, in post
    return self.request("POST", url, data=data, json=json, **kwargs)
           ~~~~~~~~~~~~^^^^^^^^^^^^^^^^^^^^^^^^^^^^^^^^^^^^^^^^^^^^^
  File "/usr/lib/python3/dist-packages/requests/sessions.py", line 589, in request
    resp = self.send(prep, **send_kwargs)
  File "/usr/lib/python3/dist-packages/requests/sessions.py", line 703, in send
    r = adapter.send(request, **kwargs)
  File "/usr/lib/python3/dist-packages/requests/adapters.py", line 700, in send
    raise ConnectionError(e, request=request)
requests.exceptions.ConnectionError: HTTPSConnectionPool(host='icare.lt-integra.com', port=443): Max retries exceeded with url: /otrs/index.pl (Caused by NameResolutionError("<urllib3.connection.HTTPSConnection object at 0x7314781cde50>: Failed to resolve 'icare.lt-integra.com' ([Errno -3] Temporary failure in name resolution)"))

📊 Total unique tickets to sync: 0
ℹ️  No active tickets found in queue.

[19.56.38] 🚀 Starting iCare OTRS -> Supabase Synchronization...
📡 Fetching active tickets from iCare OTRS...
❌ Active fetch error: Fetcher exited with code 1: Traceback (most recent call last):
  File "/usr/lib/python3/dist-packages/urllib3/connection.py", line 198, in _new_conn
    sock = connection.create_connection(
        (self._dns_host, self.port),
    ...<2 lines>...
        socket_options=self.socket_options,
    )
  File "/usr/lib/python3/dist-packages/urllib3/util/connection.py", line 60, in create_connection
    for res in socket.getaddrinfo(host, port, family, socket.SOCK_STREAM):
               ~~~~~~~~~~~~~~~~~~^^^^^^^^^^^^^^^^^^^^^^^^^^^^^^^^^^^^^^^^
  File "/usr/lib/python3.13/socket.py", line 977, in getaddrinfo
    for res in _socket.getaddrinfo(host, port, family, type, proto, flags):
               ~~~~~~~~~~~~~~~~~~~^^^^^^^^^^^^^^^^^^^^^^^^^^^^^^^^^^^^^^^^
socket.gaierror: [Errno -3] Temporary failure in name resolution

The above exception was the direct cause of the following exception:

Traceback (most recent call last):
  File "/usr/lib/python3/dist-packages/urllib3/connectionpool.py", line 787, in urlopen
    response = self._make_request(
        conn,
    ...<10 lines>...
        **response_kw,
    )
  File "/usr/lib/python3/dist-packages/urllib3/connectionpool.py", line 488, in _make_request
    raise new_e
  File "/usr/lib/python3/dist-packages/urllib3/connectionpool.py", line 464, in _make_request
    self._validate_conn(conn)
    ~~~~~~~~~~~~~~~~~~~^^^^^^
  File "/usr/lib/python3/dist-packages/urllib3/connectionpool.py", line 1105, in _validate_conn
    conn.connect()
    ~~~~~~~~~~~~^^
  File "/usr/lib/python3/dist-packages/urllib3/connection.py", line 704, in connect
    self.sock = sock = self._new_conn()
                       ~~~~~~~~~~~~~~^^
  File "/usr/lib/python3/dist-packages/urllib3/connection.py", line 205, in _new_conn
    raise NameResolutionError(self.host, self, e) from e
urllib3.exceptions.NameResolutionError: <urllib3.connection.HTTPSConnection object at 0x70c4ace6de50>: Failed to resolve 'icare.lt-integra.com' ([Errno -3] Temporary failure in name resolution)

The above exception was the direct cause of the following exception:

Traceback (most recent call last):
  File "/usr/lib/python3/dist-packages/requests/adapters.py", line 667, in send
    resp = conn.urlopen(
        method=request.method,
    ...<9 lines>...
        chunked=chunked,
    )
  File "/usr/lib/python3/dist-packages/urllib3/connectionpool.py", line 841, in urlopen
    retries = retries.increment(
        method, url, error=new_e, _pool=self, _stacktrace=sys.exc_info()[2]
    )
  File "/usr/lib/python3/dist-packages/urllib3/util/retry.py", line 519, in increment
    raise MaxRetryError(_pool, url, reason) from reason  # type: ignore[arg-type]
    ^^^^^^^^^^^^^^^^^^^^^^^^^^^^^^^^^^^^^^^^^^^^^^^^^^^
urllib3.exceptions.MaxRetryError: HTTPSConnectionPool(host='icare.lt-integra.com', port=443): Max retries exceeded with url: /otrs/index.pl (Caused by NameResolutionError("<urllib3.connection.HTTPSConnection object at 0x70c4ace6de50>: Failed to resolve 'icare.lt-integra.com' ([Errno -3] Temporary failure in name resolution)"))

During handling of the above exception, another exception occurred:

Traceback (most recent call last):
  File "/home/ismail/Downloads/Project Lainnya/Project Lain 1/scripts/otrs_history_fetcher.py", line 485, in <module>
    main()
    ~~~~^^
  File "/home/ismail/Downloads/Project Lainnya/Project Lain 1/scripts/otrs_history_fetcher.py", line 448, in main
    session, sess_id = get_session()
                       ~~~~~~~~~~~^^
  File "/home/ismail/Downloads/Project Lainnya/Project Lain 1/scripts/otrs_close_bridge.py", line 69, in get_session
    r_login = s_new.post(BASE_URL, data=login_payload, headers=DEFAULT_HEADERS, timeout=15)
  File "/usr/lib/python3/dist-packages/requests/sessions.py", line 637, in post
    return self.request("POST", url, data=data, json=json, **kwargs)
           ~~~~~~~~~~~~^^^^^^^^^^^^^^^^^^^^^^^^^^^^^^^^^^^^^^^^^^^^^
  File "/usr/lib/python3/dist-packages/requests/sessions.py", line 589, in request
    resp = self.send(prep, **send_kwargs)
  File "/usr/lib/python3/dist-packages/requests/sessions.py", line 703, in send
    r = adapter.send(request, **kwargs)
  File "/usr/lib/python3/dist-packages/requests/adapters.py", line 700, in send
    raise ConnectionError(e, request=request)
requests.exceptions.ConnectionError: HTTPSConnectionPool(host='icare.lt-integra.com', port=443): Max retries exceeded with url: /otrs/index.pl (Caused by NameResolutionError("<urllib3.connection.HTTPSConnection object at 0x70c4ace6de50>: Failed to resolve 'icare.lt-integra.com' ([Errno -3] Temporary failure in name resolution)"))

📊 Total unique tickets to sync: 0
ℹ️  No active tickets found in queue.

[19.59.38] 🚀 Starting iCare OTRS -> Supabase Synchronization...
📡 Fetching active tickets from iCare OTRS...
❌ Active fetch error: Fetcher exited with code 1: Traceback (most recent call last):
  File "/usr/lib/python3/dist-packages/urllib3/connection.py", line 198, in _new_conn
    sock = connection.create_connection(
        (self._dns_host, self.port),
    ...<2 lines>...
        socket_options=self.socket_options,
    )
  File "/usr/lib/python3/dist-packages/urllib3/util/connection.py", line 60, in create_connection
    for res in socket.getaddrinfo(host, port, family, socket.SOCK_STREAM):
               ~~~~~~~~~~~~~~~~~~^^^^^^^^^^^^^^^^^^^^^^^^^^^^^^^^^^^^^^^^
  File "/usr/lib/python3.13/socket.py", line 977, in getaddrinfo
    for res in _socket.getaddrinfo(host, port, family, type, proto, flags):
               ~~~~~~~~~~~~~~~~~~~^^^^^^^^^^^^^^^^^^^^^^^^^^^^^^^^^^^^^^^^
socket.gaierror: [Errno -3] Temporary failure in name resolution

The above exception was the direct cause of the following exception:

Traceback (most recent call last):
  File "/usr/lib/python3/dist-packages/urllib3/connectionpool.py", line 787, in urlopen
    response = self._make_request(
        conn,
    ...<10 lines>...
        **response_kw,
    )
  File "/usr/lib/python3/dist-packages/urllib3/connectionpool.py", line 488, in _make_request
    raise new_e
  File "/usr/lib/python3/dist-packages/urllib3/connectionpool.py", line 464, in _make_request
    self._validate_conn(conn)
    ~~~~~~~~~~~~~~~~~~~^^^^^^
  File "/usr/lib/python3/dist-packages/urllib3/connectionpool.py", line 1105, in _validate_conn
    conn.connect()
    ~~~~~~~~~~~~^^
  File "/usr/lib/python3/dist-packages/urllib3/connection.py", line 704, in connect
    self.sock = sock = self._new_conn()
                       ~~~~~~~~~~~~~~^^
  File "/usr/lib/python3/dist-packages/urllib3/connection.py", line 205, in _new_conn
    raise NameResolutionError(self.host, self, e) from e
urllib3.exceptions.NameResolutionError: <urllib3.connection.HTTPSConnection object at 0x7bc6d8869e50>: Failed to resolve 'icare.lt-integra.com' ([Errno -3] Temporary failure in name resolution)

The above exception was the direct cause of the following exception:

Traceback (most recent call last):
  File "/usr/lib/python3/dist-packages/requests/adapters.py", line 667, in send
    resp = conn.urlopen(
        method=request.method,
    ...<9 lines>...
        chunked=chunked,
    )
  File "/usr/lib/python3/dist-packages/urllib3/connectionpool.py", line 841, in urlopen
    retries = retries.increment(
        method, url, error=new_e, _pool=self, _stacktrace=sys.exc_info()[2]
    )
  File "/usr/lib/python3/dist-packages/urllib3/util/retry.py", line 519, in increment
    raise MaxRetryError(_pool, url, reason) from reason  # type: ignore[arg-type]
    ^^^^^^^^^^^^^^^^^^^^^^^^^^^^^^^^^^^^^^^^^^^^^^^^^^^
urllib3.exceptions.MaxRetryError: HTTPSConnectionPool(host='icare.lt-integra.com', port=443): Max retries exceeded with url: /otrs/index.pl (Caused by NameResolutionError("<urllib3.connection.HTTPSConnection object at 0x7bc6d8869e50>: Failed to resolve 'icare.lt-integra.com' ([Errno -3] Temporary failure in name resolution)"))

During handling of the above exception, another exception occurred:

Traceback (most recent call last):
  File "/home/ismail/Downloads/Project Lainnya/Project Lain 1/scripts/otrs_history_fetcher.py", line 485, in <module>
    main()
    ~~~~^^
  File "/home/ismail/Downloads/Project Lainnya/Project Lain 1/scripts/otrs_history_fetcher.py", line 448, in main
    session, sess_id = get_session()
                       ~~~~~~~~~~~^^
  File "/home/ismail/Downloads/Project Lainnya/Project Lain 1/scripts/otrs_close_bridge.py", line 69, in get_session
    r_login = s_new.post(BASE_URL, data=login_payload, headers=DEFAULT_HEADERS, timeout=15)
  File "/usr/lib/python3/dist-packages/requests/sessions.py", line 637, in post
    return self.request("POST", url, data=data, json=json, **kwargs)
           ~~~~~~~~~~~~^^^^^^^^^^^^^^^^^^^^^^^^^^^^^^^^^^^^^^^^^^^^^
  File "/usr/lib/python3/dist-packages/requests/sessions.py", line 589, in request
    resp = self.send(prep, **send_kwargs)
  File "/usr/lib/python3/dist-packages/requests/sessions.py", line 703, in send
    r = adapter.send(request, **kwargs)
  File "/usr/lib/python3/dist-packages/requests/adapters.py", line 700, in send
    raise ConnectionError(e, request=request)
requests.exceptions.ConnectionError: HTTPSConnectionPool(host='icare.lt-integra.com', port=443): Max retries exceeded with url: /otrs/index.pl (Caused by NameResolutionError("<urllib3.connection.HTTPSConnection object at 0x7bc6d8869e50>: Failed to resolve 'icare.lt-integra.com' ([Errno -3] Temporary failure in name resolution)"))

📊 Total unique tickets to sync: 0
ℹ️  No active tickets found in queue.

[20.02.38] 🚀 Starting iCare OTRS -> Supabase Synchronization...
📡 Fetching active tickets from iCare OTRS...
❌ Active fetch error: Fetcher exited with code 1: Traceback (most recent call last):
  File "/usr/lib/python3/dist-packages/urllib3/connection.py", line 198, in _new_conn
    sock = connection.create_connection(
        (self._dns_host, self.port),
    ...<2 lines>...
        socket_options=self.socket_options,
    )
  File "/usr/lib/python3/dist-packages/urllib3/util/connection.py", line 60, in create_connection
    for res in socket.getaddrinfo(host, port, family, socket.SOCK_STREAM):
               ~~~~~~~~~~~~~~~~~~^^^^^^^^^^^^^^^^^^^^^^^^^^^^^^^^^^^^^^^^
  File "/usr/lib/python3.13/socket.py", line 977, in getaddrinfo
    for res in _socket.getaddrinfo(host, port, family, type, proto, flags):
               ~~~~~~~~~~~~~~~~~~~^^^^^^^^^^^^^^^^^^^^^^^^^^^^^^^^^^^^^^^^
socket.gaierror: [Errno -3] Temporary failure in name resolution

The above exception was the direct cause of the following exception:

Traceback (most recent call last):
  File "/usr/lib/python3/dist-packages/urllib3/connectionpool.py", line 787, in urlopen
    response = self._make_request(
        conn,
    ...<10 lines>...
        **response_kw,
    )
  File "/usr/lib/python3/dist-packages/urllib3/connectionpool.py", line 488, in _make_request
    raise new_e
  File "/usr/lib/python3/dist-packages/urllib3/connectionpool.py", line 464, in _make_request
    self._validate_conn(conn)
    ~~~~~~~~~~~~~~~~~~~^^^^^^
  File "/usr/lib/python3/dist-packages/urllib3/connectionpool.py", line 1105, in _validate_conn
    conn.connect()
    ~~~~~~~~~~~~^^
  File "/usr/lib/python3/dist-packages/urllib3/connection.py", line 704, in connect
    self.sock = sock = self._new_conn()
                       ~~~~~~~~~~~~~~^^
  File "/usr/lib/python3/dist-packages/urllib3/connection.py", line 205, in _new_conn
    raise NameResolutionError(self.host, self, e) from e
urllib3.exceptions.NameResolutionError: <urllib3.connection.HTTPSConnection object at 0x745dfd695e50>: Failed to resolve 'icare.lt-integra.com' ([Errno -3] Temporary failure in name resolution)

The above exception was the direct cause of the following exception:

Traceback (most recent call last):
  File "/usr/lib/python3/dist-packages/requests/adapters.py", line 667, in send
    resp = conn.urlopen(
        method=request.method,
    ...<9 lines>...
        chunked=chunked,
    )
  File "/usr/lib/python3/dist-packages/urllib3/connectionpool.py", line 841, in urlopen
    retries = retries.increment(
        method, url, error=new_e, _pool=self, _stacktrace=sys.exc_info()[2]
    )
  File "/usr/lib/python3/dist-packages/urllib3/util/retry.py", line 519, in increment
    raise MaxRetryError(_pool, url, reason) from reason  # type: ignore[arg-type]
    ^^^^^^^^^^^^^^^^^^^^^^^^^^^^^^^^^^^^^^^^^^^^^^^^^^^
urllib3.exceptions.MaxRetryError: HTTPSConnectionPool(host='icare.lt-integra.com', port=443): Max retries exceeded with url: /otrs/index.pl (Caused by NameResolutionError("<urllib3.connection.HTTPSConnection object at 0x745dfd695e50>: Failed to resolve 'icare.lt-integra.com' ([Errno -3] Temporary failure in name resolution)"))

During handling of the above exception, another exception occurred:

Traceback (most recent call last):
  File "/home/ismail/Downloads/Project Lainnya/Project Lain 1/scripts/otrs_history_fetcher.py", line 485, in <module>
    main()
    ~~~~^^
  File "/home/ismail/Downloads/Project Lainnya/Project Lain 1/scripts/otrs_history_fetcher.py", line 448, in main
    session, sess_id = get_session()
                       ~~~~~~~~~~~^^
  File "/home/ismail/Downloads/Project Lainnya/Project Lain 1/scripts/otrs_close_bridge.py", line 69, in get_session
    r_login = s_new.post(BASE_URL, data=login_payload, headers=DEFAULT_HEADERS, timeout=15)
  File "/usr/lib/python3/dist-packages/requests/sessions.py", line 637, in post
    return self.request("POST", url, data=data, json=json, **kwargs)
           ~~~~~~~~~~~~^^^^^^^^^^^^^^^^^^^^^^^^^^^^^^^^^^^^^^^^^^^^^
  File "/usr/lib/python3/dist-packages/requests/sessions.py", line 589, in request
    resp = self.send(prep, **send_kwargs)
  File "/usr/lib/python3/dist-packages/requests/sessions.py", line 703, in send
    r = adapter.send(request, **kwargs)
  File "/usr/lib/python3/dist-packages/requests/adapters.py", line 700, in send
    raise ConnectionError(e, request=request)
requests.exceptions.ConnectionError: HTTPSConnectionPool(host='icare.lt-integra.com', port=443): Max retries exceeded with url: /otrs/index.pl (Caused by NameResolutionError("<urllib3.connection.HTTPSConnection object at 0x745dfd695e50>: Failed to resolve 'icare.lt-integra.com' ([Errno -3] Temporary failure in name resolution)"))

📊 Total unique tickets to sync: 0
ℹ️  No active tickets found in queue.

[20.05.38] 🚀 Starting iCare OTRS -> Supabase Synchronization...
📡 Fetching active tickets from iCare OTRS...
❌ Active fetch error: Fetcher exited with code 1: Traceback (most recent call last):
  File "/usr/lib/python3/dist-packages/urllib3/connection.py", line 198, in _new_conn
    sock = connection.create_connection(
        (self._dns_host, self.port),
    ...<2 lines>...
        socket_options=self.socket_options,
    )
  File "/usr/lib/python3/dist-packages/urllib3/util/connection.py", line 60, in create_connection
    for res in socket.getaddrinfo(host, port, family, socket.SOCK_STREAM):
               ~~~~~~~~~~~~~~~~~~^^^^^^^^^^^^^^^^^^^^^^^^^^^^^^^^^^^^^^^^
  File "/usr/lib/python3.13/socket.py", line 977, in getaddrinfo
    for res in _socket.getaddrinfo(host, port, family, type, proto, flags):
               ~~~~~~~~~~~~~~~~~~~^^^^^^^^^^^^^^^^^^^^^^^^^^^^^^^^^^^^^^^^
socket.gaierror: [Errno -3] Temporary failure in name resolution

The above exception was the direct cause of the following exception:

Traceback (most recent call last):
  File "/usr/lib/python3/dist-packages/urllib3/connectionpool.py", line 787, in urlopen
    response = self._make_request(
        conn,
    ...<10 lines>...
        **response_kw,
    )
  File "/usr/lib/python3/dist-packages/urllib3/connectionpool.py", line 488, in _make_request
    raise new_e
  File "/usr/lib/python3/dist-packages/urllib3/connectionpool.py", line 464, in _make_request
    self._validate_conn(conn)
    ~~~~~~~~~~~~~~~~~~~^^^^^^
  File "/usr/lib/python3/dist-packages/urllib3/connectionpool.py", line 1105, in _validate_conn
    conn.connect()
    ~~~~~~~~~~~~^^
  File "/usr/lib/python3/dist-packages/urllib3/connection.py", line 704, in connect
    self.sock = sock = self._new_conn()
                       ~~~~~~~~~~~~~~^^
  File "/usr/lib/python3/dist-packages/urllib3/connection.py", line 205, in _new_conn
    raise NameResolutionError(self.host, self, e) from e
urllib3.exceptions.NameResolutionError: <urllib3.connection.HTTPSConnection object at 0x781f174d1e50>: Failed to resolve 'icare.lt-integra.com' ([Errno -3] Temporary failure in name resolution)

The above exception was the direct cause of the following exception:

Traceback (most recent call last):
  File "/usr/lib/python3/dist-packages/requests/adapters.py", line 667, in send
    resp = conn.urlopen(
        method=request.method,
    ...<9 lines>...
        chunked=chunked,
    )
  File "/usr/lib/python3/dist-packages/urllib3/connectionpool.py", line 841, in urlopen
    retries = retries.increment(
        method, url, error=new_e, _pool=self, _stacktrace=sys.exc_info()[2]
    )
  File "/usr/lib/python3/dist-packages/urllib3/util/retry.py", line 519, in increment
    raise MaxRetryError(_pool, url, reason) from reason  # type: ignore[arg-type]
    ^^^^^^^^^^^^^^^^^^^^^^^^^^^^^^^^^^^^^^^^^^^^^^^^^^^
urllib3.exceptions.MaxRetryError: HTTPSConnectionPool(host='icare.lt-integra.com', port=443): Max retries exceeded with url: /otrs/index.pl (Caused by NameResolutionError("<urllib3.connection.HTTPSConnection object at 0x781f174d1e50>: Failed to resolve 'icare.lt-integra.com' ([Errno -3] Temporary failure in name resolution)"))

During handling of the above exception, another exception occurred:

Traceback (most recent call last):
  File "/home/ismail/Downloads/Project Lainnya/Project Lain 1/scripts/otrs_history_fetcher.py", line 485, in <module>
    main()
    ~~~~^^
  File "/home/ismail/Downloads/Project Lainnya/Project Lain 1/scripts/otrs_history_fetcher.py", line 448, in main
    session, sess_id = get_session()
                       ~~~~~~~~~~~^^
  File "/home/ismail/Downloads/Project Lainnya/Project Lain 1/scripts/otrs_close_bridge.py", line 69, in get_session
    r_login = s_new.post(BASE_URL, data=login_payload, headers=DEFAULT_HEADERS, timeout=15)
  File "/usr/lib/python3/dist-packages/requests/sessions.py", line 637, in post
    return self.request("POST", url, data=data, json=json, **kwargs)
           ~~~~~~~~~~~~^^^^^^^^^^^^^^^^^^^^^^^^^^^^^^^^^^^^^^^^^^^^^
  File "/usr/lib/python3/dist-packages/requests/sessions.py", line 589, in request
    resp = self.send(prep, **send_kwargs)
  File "/usr/lib/python3/dist-packages/requests/sessions.py", line 703, in send
    r = adapter.send(request, **kwargs)
  File "/usr/lib/python3/dist-packages/requests/adapters.py", line 700, in send
    raise ConnectionError(e, request=request)
requests.exceptions.ConnectionError: HTTPSConnectionPool(host='icare.lt-integra.com', port=443): Max retries exceeded with url: /otrs/index.pl (Caused by NameResolutionError("<urllib3.connection.HTTPSConnection object at 0x781f174d1e50>: Failed to resolve 'icare.lt-integra.com' ([Errno -3] Temporary failure in name resolution)"))

📊 Total unique tickets to sync: 0
ℹ️  No active tickets found in queue.

[20.08.38] 🚀 Starting iCare OTRS -> Supabase Synchronization...
📡 Fetching active tickets from iCare OTRS...
❌ Active fetch error: Fetcher exited with code 1: Traceback (most recent call last):
  File "/usr/lib/python3/dist-packages/urllib3/connection.py", line 198, in _new_conn
    sock = connection.create_connection(
        (self._dns_host, self.port),
    ...<2 lines>...
        socket_options=self.socket_options,
    )
  File "/usr/lib/python3/dist-packages/urllib3/util/connection.py", line 60, in create_connection
    for res in socket.getaddrinfo(host, port, family, socket.SOCK_STREAM):
               ~~~~~~~~~~~~~~~~~~^^^^^^^^^^^^^^^^^^^^^^^^^^^^^^^^^^^^^^^^
  File "/usr/lib/python3.13/socket.py", line 977, in getaddrinfo
    for res in _socket.getaddrinfo(host, port, family, type, proto, flags):
               ~~~~~~~~~~~~~~~~~~~^^^^^^^^^^^^^^^^^^^^^^^^^^^^^^^^^^^^^^^^
socket.gaierror: [Errno -3] Temporary failure in name resolution

The above exception was the direct cause of the following exception:

Traceback (most recent call last):
  File "/usr/lib/python3/dist-packages/urllib3/connectionpool.py", line 787, in urlopen
    response = self._make_request(
        conn,
    ...<10 lines>...
        **response_kw,
    )
  File "/usr/lib/python3/dist-packages/urllib3/connectionpool.py", line 488, in _make_request
    raise new_e
  File "/usr/lib/python3/dist-packages/urllib3/connectionpool.py", line 464, in _make_request
    self._validate_conn(conn)
    ~~~~~~~~~~~~~~~~~~~^^^^^^
  File "/usr/lib/python3/dist-packages/urllib3/connectionpool.py", line 1105, in _validate_conn
    conn.connect()
    ~~~~~~~~~~~~^^
  File "/usr/lib/python3/dist-packages/urllib3/connection.py", line 704, in connect
    self.sock = sock = self._new_conn()
                       ~~~~~~~~~~~~~~^^
  File "/usr/lib/python3/dist-packages/urllib3/connection.py", line 205, in _new_conn
    raise NameResolutionError(self.host, self, e) from e
urllib3.exceptions.NameResolutionError: <urllib3.connection.HTTPSConnection object at 0x77e2bcfcde50>: Failed to resolve 'icare.lt-integra.com' ([Errno -3] Temporary failure in name resolution)

The above exception was the direct cause of the following exception:

Traceback (most recent call last):
  File "/usr/lib/python3/dist-packages/requests/adapters.py", line 667, in send
    resp = conn.urlopen(
        method=request.method,
    ...<9 lines>...
        chunked=chunked,
    )
  File "/usr/lib/python3/dist-packages/urllib3/connectionpool.py", line 841, in urlopen
    retries = retries.increment(
        method, url, error=new_e, _pool=self, _stacktrace=sys.exc_info()[2]
    )
  File "/usr/lib/python3/dist-packages/urllib3/util/retry.py", line 519, in increment
    raise MaxRetryError(_pool, url, reason) from reason  # type: ignore[arg-type]
    ^^^^^^^^^^^^^^^^^^^^^^^^^^^^^^^^^^^^^^^^^^^^^^^^^^^
urllib3.exceptions.MaxRetryError: HTTPSConnectionPool(host='icare.lt-integra.com', port=443): Max retries exceeded with url: /otrs/index.pl (Caused by NameResolutionError("<urllib3.connection.HTTPSConnection object at 0x77e2bcfcde50>: Failed to resolve 'icare.lt-integra.com' ([Errno -3] Temporary failure in name resolution)"))

During handling of the above exception, another exception occurred:

Traceback (most recent call last):
  File "/home/ismail/Downloads/Project Lainnya/Project Lain 1/scripts/otrs_history_fetcher.py", line 485, in <module>
    main()
    ~~~~^^
  File "/home/ismail/Downloads/Project Lainnya/Project Lain 1/scripts/otrs_history_fetcher.py", line 448, in main
    session, sess_id = get_session()
                       ~~~~~~~~~~~^^
  File "/home/ismail/Downloads/Project Lainnya/Project Lain 1/scripts/otrs_close_bridge.py", line 69, in get_session
    r_login = s_new.post(BASE_URL, data=login_payload, headers=DEFAULT_HEADERS, timeout=15)
  File "/usr/lib/python3/dist-packages/requests/sessions.py", line 637, in post
    return self.request("POST", url, data=data, json=json, **kwargs)
           ~~~~~~~~~~~~^^^^^^^^^^^^^^^^^^^^^^^^^^^^^^^^^^^^^^^^^^^^^
  File "/usr/lib/python3/dist-packages/requests/sessions.py", line 589, in request
    resp = self.send(prep, **send_kwargs)
  File "/usr/lib/python3/dist-packages/requests/sessions.py", line 703, in send
    r = adapter.send(request, **kwargs)
  File "/usr/lib/python3/dist-packages/requests/adapters.py", line 700, in send
    raise ConnectionError(e, request=request)
requests.exceptions.ConnectionError: HTTPSConnectionPool(host='icare.lt-integra.com', port=443): Max retries exceeded with url: /otrs/index.pl (Caused by NameResolutionError("<urllib3.connection.HTTPSConnection object at 0x77e2bcfcde50>: Failed to resolve 'icare.lt-integra.com' ([Errno -3] Temporary failure in name resolution)"))

📊 Total unique tickets to sync: 0
ℹ️  No active tickets found in queue.

[20.11.38] 🚀 Starting iCare OTRS -> Supabase Synchronization...
📡 Fetching active tickets from iCare OTRS...
❌ Active fetch error: Fetcher exited with code 1: Traceback (most recent call last):
  File "/usr/lib/python3/dist-packages/urllib3/connection.py", line 198, in _new_conn
    sock = connection.create_connection(
        (self._dns_host, self.port),
    ...<2 lines>...
        socket_options=self.socket_options,
    )
  File "/usr/lib/python3/dist-packages/urllib3/util/connection.py", line 60, in create_connection
    for res in socket.getaddrinfo(host, port, family, socket.SOCK_STREAM):
               ~~~~~~~~~~~~~~~~~~^^^^^^^^^^^^^^^^^^^^^^^^^^^^^^^^^^^^^^^^
  File "/usr/lib/python3.13/socket.py", line 977, in getaddrinfo
    for res in _socket.getaddrinfo(host, port, family, type, proto, flags):
               ~~~~~~~~~~~~~~~~~~~^^^^^^^^^^^^^^^^^^^^^^^^^^^^^^^^^^^^^^^^
socket.gaierror: [Errno -3] Temporary failure in name resolution

The above exception was the direct cause of the following exception:

Traceback (most recent call last):
  File "/usr/lib/python3/dist-packages/urllib3/connectionpool.py", line 787, in urlopen
    response = self._make_request(
        conn,
    ...<10 lines>...
        **response_kw,
    )
  File "/usr/lib/python3/dist-packages/urllib3/connectionpool.py", line 488, in _make_request
    raise new_e
  File "/usr/lib/python3/dist-packages/urllib3/connectionpool.py", line 464, in _make_request
    self._validate_conn(conn)
    ~~~~~~~~~~~~~~~~~~~^^^^^^
  File "/usr/lib/python3/dist-packages/urllib3/connectionpool.py", line 1105, in _validate_conn
    conn.connect()
    ~~~~~~~~~~~~^^
  File "/usr/lib/python3/dist-packages/urllib3/connection.py", line 704, in connect
    self.sock = sock = self._new_conn()
                       ~~~~~~~~~~~~~~^^
  File "/usr/lib/python3/dist-packages/urllib3/connection.py", line 205, in _new_conn
    raise NameResolutionError(self.host, self, e) from e
urllib3.exceptions.NameResolutionError: <urllib3.connection.HTTPSConnection object at 0x753c9fb39e50>: Failed to resolve 'icare.lt-integra.com' ([Errno -3] Temporary failure in name resolution)

The above exception was the direct cause of the following exception:

Traceback (most recent call last):
  File "/usr/lib/python3/dist-packages/requests/adapters.py", line 667, in send
    resp = conn.urlopen(
        method=request.method,
    ...<9 lines>...
        chunked=chunked,
    )
  File "/usr/lib/python3/dist-packages/urllib3/connectionpool.py", line 841, in urlopen
    retries = retries.increment(
        method, url, error=new_e, _pool=self, _stacktrace=sys.exc_info()[2]
    )
  File "/usr/lib/python3/dist-packages/urllib3/util/retry.py", line 519, in increment
    raise MaxRetryError(_pool, url, reason) from reason  # type: ignore[arg-type]
    ^^^^^^^^^^^^^^^^^^^^^^^^^^^^^^^^^^^^^^^^^^^^^^^^^^^
urllib3.exceptions.MaxRetryError: HTTPSConnectionPool(host='icare.lt-integra.com', port=443): Max retries exceeded with url: /otrs/index.pl (Caused by NameResolutionError("<urllib3.connection.HTTPSConnection object at 0x753c9fb39e50>: Failed to resolve 'icare.lt-integra.com' ([Errno -3] Temporary failure in name resolution)"))

During handling of the above exception, another exception occurred:

Traceback (most recent call last):
  File "/home/ismail/Downloads/Project Lainnya/Project Lain 1/scripts/otrs_history_fetcher.py", line 485, in <module>
    main()
    ~~~~^^
  File "/home/ismail/Downloads/Project Lainnya/Project Lain 1/scripts/otrs_history_fetcher.py", line 448, in main
    session, sess_id = get_session()
                       ~~~~~~~~~~~^^
  File "/home/ismail/Downloads/Project Lainnya/Project Lain 1/scripts/otrs_close_bridge.py", line 69, in get_session
    r_login = s_new.post(BASE_URL, data=login_payload, headers=DEFAULT_HEADERS, timeout=15)
  File "/usr/lib/python3/dist-packages/requests/sessions.py", line 637, in post
    return self.request("POST", url, data=data, json=json, **kwargs)
           ~~~~~~~~~~~~^^^^^^^^^^^^^^^^^^^^^^^^^^^^^^^^^^^^^^^^^^^^^
  File "/usr/lib/python3/dist-packages/requests/sessions.py", line 589, in request
    resp = self.send(prep, **send_kwargs)
  File "/usr/lib/python3/dist-packages/requests/sessions.py", line 703, in send
    r = adapter.send(request, **kwargs)
  File "/usr/lib/python3/dist-packages/requests/adapters.py", line 700, in send
    raise ConnectionError(e, request=request)
requests.exceptions.ConnectionError: HTTPSConnectionPool(host='icare.lt-integra.com', port=443): Max retries exceeded with url: /otrs/index.pl (Caused by NameResolutionError("<urllib3.connection.HTTPSConnection object at 0x753c9fb39e50>: Failed to resolve 'icare.lt-integra.com' ([Errno -3] Temporary failure in name resolution)"))

📊 Total unique tickets to sync: 0
ℹ️  No active tickets found in queue.

[20.14.38] 🚀 Starting iCare OTRS -> Supabase Synchronization...
📡 Fetching active tickets from iCare OTRS...
❌ Active fetch error: Fetcher exited with code 1: Traceback (most recent call last):
  File "/usr/lib/python3/dist-packages/urllib3/connection.py", line 198, in _new_conn
    sock = connection.create_connection(
        (self._dns_host, self.port),
    ...<2 lines>...
        socket_options=self.socket_options,
    )
  File "/usr/lib/python3/dist-packages/urllib3/util/connection.py", line 60, in create_connection
    for res in socket.getaddrinfo(host, port, family, socket.SOCK_STREAM):
               ~~~~~~~~~~~~~~~~~~^^^^^^^^^^^^^^^^^^^^^^^^^^^^^^^^^^^^^^^^
  File "/usr/lib/python3.13/socket.py", line 977, in getaddrinfo
    for res in _socket.getaddrinfo(host, port, family, type, proto, flags):
               ~~~~~~~~~~~~~~~~~~~^^^^^^^^^^^^^^^^^^^^^^^^^^^^^^^^^^^^^^^^
socket.gaierror: [Errno -3] Temporary failure in name resolution

The above exception was the direct cause of the following exception:

Traceback (most recent call last):
  File "/usr/lib/python3/dist-packages/urllib3/connectionpool.py", line 787, in urlopen
    response = self._make_request(
        conn,
    ...<10 lines>...
        **response_kw,
    )
  File "/usr/lib/python3/dist-packages/urllib3/connectionpool.py", line 488, in _make_request
    raise new_e
  File "/usr/lib/python3/dist-packages/urllib3/connectionpool.py", line 464, in _make_request
    self._validate_conn(conn)
    ~~~~~~~~~~~~~~~~~~~^^^^^^
  File "/usr/lib/python3/dist-packages/urllib3/connectionpool.py", line 1105, in _validate_conn
    conn.connect()
    ~~~~~~~~~~~~^^
  File "/usr/lib/python3/dist-packages/urllib3/connection.py", line 704, in connect
    self.sock = sock = self._new_conn()
                       ~~~~~~~~~~~~~~^^
  File "/usr/lib/python3/dist-packages/urllib3/connection.py", line 205, in _new_conn
    raise NameResolutionError(self.host, self, e) from e
urllib3.exceptions.NameResolutionError: <urllib3.connection.HTTPSConnection object at 0x739be51bde50>: Failed to resolve 'icare.lt-integra.com' ([Errno -3] Temporary failure in name resolution)

The above exception was the direct cause of the following exception:

Traceback (most recent call last):
  File "/usr/lib/python3/dist-packages/requests/adapters.py", line 667, in send
    resp = conn.urlopen(
        method=request.method,
    ...<9 lines>...
        chunked=chunked,
    )
  File "/usr/lib/python3/dist-packages/urllib3/connectionpool.py", line 841, in urlopen
    retries = retries.increment(
        method, url, error=new_e, _pool=self, _stacktrace=sys.exc_info()[2]
    )
  File "/usr/lib/python3/dist-packages/urllib3/util/retry.py", line 519, in increment
    raise MaxRetryError(_pool, url, reason) from reason  # type: ignore[arg-type]
    ^^^^^^^^^^^^^^^^^^^^^^^^^^^^^^^^^^^^^^^^^^^^^^^^^^^
urllib3.exceptions.MaxRetryError: HTTPSConnectionPool(host='icare.lt-integra.com', port=443): Max retries exceeded with url: /otrs/index.pl (Caused by NameResolutionError("<urllib3.connection.HTTPSConnection object at 0x739be51bde50>: Failed to resolve 'icare.lt-integra.com' ([Errno -3] Temporary failure in name resolution)"))

During handling of the above exception, another exception occurred:

Traceback (most recent call last):
  File "/home/ismail/Downloads/Project Lainnya/Project Lain 1/scripts/otrs_history_fetcher.py", line 485, in <module>
    main()
    ~~~~^^
  File "/home/ismail/Downloads/Project Lainnya/Project Lain 1/scripts/otrs_history_fetcher.py", line 448, in main
    session, sess_id = get_session()
                       ~~~~~~~~~~~^^
  File "/home/ismail/Downloads/Project Lainnya/Project Lain 1/scripts/otrs_close_bridge.py", line 69, in get_session
    r_login = s_new.post(BASE_URL, data=login_payload, headers=DEFAULT_HEADERS, timeout=15)
  File "/usr/lib/python3/dist-packages/requests/sessions.py", line 637, in post
    return self.request("POST", url, data=data, json=json, **kwargs)
           ~~~~~~~~~~~~^^^^^^^^^^^^^^^^^^^^^^^^^^^^^^^^^^^^^^^^^^^^^
  File "/usr/lib/python3/dist-packages/requests/sessions.py", line 589, in request
    resp = self.send(prep, **send_kwargs)
  File "/usr/lib/python3/dist-packages/requests/sessions.py", line 703, in send
    r = adapter.send(request, **kwargs)
  File "/usr/lib/python3/dist-packages/requests/adapters.py", line 700, in send
    raise ConnectionError(e, request=request)
requests.exceptions.ConnectionError: HTTPSConnectionPool(host='icare.lt-integra.com', port=443): Max retries exceeded with url: /otrs/index.pl (Caused by NameResolutionError("<urllib3.connection.HTTPSConnection object at 0x739be51bde50>: Failed to resolve 'icare.lt-integra.com' ([Errno -3] Temporary failure in name resolution)"))

📊 Total unique tickets to sync: 0
ℹ️  No active tickets found in queue.

[20.17.38] 🚀 Starting iCare OTRS -> Supabase Synchronization...
📡 Fetching active tickets from iCare OTRS...
❌ Active fetch error: Fetcher exited with code 1: Traceback (most recent call last):
  File "/usr/lib/python3/dist-packages/urllib3/connection.py", line 198, in _new_conn
    sock = connection.create_connection(
        (self._dns_host, self.port),
    ...<2 lines>...
        socket_options=self.socket_options,
    )
  File "/usr/lib/python3/dist-packages/urllib3/util/connection.py", line 60, in create_connection
    for res in socket.getaddrinfo(host, port, family, socket.SOCK_STREAM):
               ~~~~~~~~~~~~~~~~~~^^^^^^^^^^^^^^^^^^^^^^^^^^^^^^^^^^^^^^^^
  File "/usr/lib/python3.13/socket.py", line 977, in getaddrinfo
    for res in _socket.getaddrinfo(host, port, family, type, proto, flags):
               ~~~~~~~~~~~~~~~~~~~^^^^^^^^^^^^^^^^^^^^^^^^^^^^^^^^^^^^^^^^
socket.gaierror: [Errno -3] Temporary failure in name resolution

The above exception was the direct cause of the following exception:

Traceback (most recent call last):
  File "/usr/lib/python3/dist-packages/urllib3/connectionpool.py", line 787, in urlopen
    response = self._make_request(
        conn,
    ...<10 lines>...
        **response_kw,
    )
  File "/usr/lib/python3/dist-packages/urllib3/connectionpool.py", line 488, in _make_request
    raise new_e
  File "/usr/lib/python3/dist-packages/urllib3/connectionpool.py", line 464, in _make_request
    self._validate_conn(conn)
    ~~~~~~~~~~~~~~~~~~~^^^^^^
  File "/usr/lib/python3/dist-packages/urllib3/connectionpool.py", line 1105, in _validate_conn
    conn.connect()
    ~~~~~~~~~~~~^^
  File "/usr/lib/python3/dist-packages/urllib3/connection.py", line 704, in connect
    self.sock = sock = self._new_conn()
                       ~~~~~~~~~~~~~~^^
  File "/usr/lib/python3/dist-packages/urllib3/connection.py", line 205, in _new_conn
    raise NameResolutionError(self.host, self, e) from e
urllib3.exceptions.NameResolutionError: <urllib3.connection.HTTPSConnection object at 0x78442c7c1e50>: Failed to resolve 'icare.lt-integra.com' ([Errno -3] Temporary failure in name resolution)

The above exception was the direct cause of the following exception:

Traceback (most recent call last):
  File "/usr/lib/python3/dist-packages/requests/adapters.py", line 667, in send
    resp = conn.urlopen(
        method=request.method,
    ...<9 lines>...
        chunked=chunked,
    )
  File "/usr/lib/python3/dist-packages/urllib3/connectionpool.py", line 841, in urlopen
    retries = retries.increment(
        method, url, error=new_e, _pool=self, _stacktrace=sys.exc_info()[2]
    )
  File "/usr/lib/python3/dist-packages/urllib3/util/retry.py", line 519, in increment
    raise MaxRetryError(_pool, url, reason) from reason  # type: ignore[arg-type]
    ^^^^^^^^^^^^^^^^^^^^^^^^^^^^^^^^^^^^^^^^^^^^^^^^^^^
urllib3.exceptions.MaxRetryError: HTTPSConnectionPool(host='icare.lt-integra.com', port=443): Max retries exceeded with url: /otrs/index.pl (Caused by NameResolutionError("<urllib3.connection.HTTPSConnection object at 0x78442c7c1e50>: Failed to resolve 'icare.lt-integra.com' ([Errno -3] Temporary failure in name resolution)"))

During handling of the above exception, another exception occurred:

Traceback (most recent call last):
  File "/home/ismail/Downloads/Project Lainnya/Project Lain 1/scripts/otrs_history_fetcher.py", line 485, in <module>
    main()
    ~~~~^^
  File "/home/ismail/Downloads/Project Lainnya/Project Lain 1/scripts/otrs_history_fetcher.py", line 448, in main
    session, sess_id = get_session()
                       ~~~~~~~~~~~^^
  File "/home/ismail/Downloads/Project Lainnya/Project Lain 1/scripts/otrs_close_bridge.py", line 69, in get_session
    r_login = s_new.post(BASE_URL, data=login_payload, headers=DEFAULT_HEADERS, timeout=15)
  File "/usr/lib/python3/dist-packages/requests/sessions.py", line 637, in post
    return self.request("POST", url, data=data, json=json, **kwargs)
           ~~~~~~~~~~~~^^^^^^^^^^^^^^^^^^^^^^^^^^^^^^^^^^^^^^^^^^^^^
  File "/usr/lib/python3/dist-packages/requests/sessions.py", line 589, in request
    resp = self.send(prep, **send_kwargs)
  File "/usr/lib/python3/dist-packages/requests/sessions.py", line 703, in send
    r = adapter.send(request, **kwargs)
  File "/usr/lib/python3/dist-packages/requests/adapters.py", line 700, in send
    raise ConnectionError(e, request=request)
requests.exceptions.ConnectionError: HTTPSConnectionPool(host='icare.lt-integra.com', port=443): Max retries exceeded with url: /otrs/index.pl (Caused by NameResolutionError("<urllib3.connection.HTTPSConnection object at 0x78442c7c1e50>: Failed to resolve 'icare.lt-integra.com' ([Errno -3] Temporary failure in name resolution)"))

📊 Total unique tickets to sync: 0
ℹ️  No active tickets found in queue.

[20.20.38] 🚀 Starting iCare OTRS -> Supabase Synchronization...
📡 Fetching active tickets from iCare OTRS...
   Fetched 4 active tickets.
📊 Total unique tickets to sync: 4
   -> 0 new tickets to insert, 4 existing tickets to update/verify.
   ✅ Upserted batch 1 (4 tickets)
🎉 Sync completed! Total tickets in Supabase: 600

[20.23.38] 🚀 Starting iCare OTRS -> Supabase Synchronization...
📡 Fetching active tickets from iCare OTRS...
   Fetched 4 active tickets.
📊 Total unique tickets to sync: 4
   -> 0 new tickets to insert, 4 existing tickets to update/verify.
   ✅ Upserted batch 1 (4 tickets)
🎉 Sync completed! Total tickets in Supabase: 600

[20.26.38] 🚀 Starting iCare OTRS -> Supabase Synchronization...
📡 Fetching active tickets from iCare OTRS...
❌ Active fetch error: Fetcher exited with code 1: Traceback (most recent call last):
  File "/usr/lib/python3/dist-packages/urllib3/connection.py", line 198, in _new_conn
    sock = connection.create_connection(
        (self._dns_host, self.port),
    ...<2 lines>...
        socket_options=self.socket_options,
    )
  File "/usr/lib/python3/dist-packages/urllib3/util/connection.py", line 60, in create_connection
    for res in socket.getaddrinfo(host, port, family, socket.SOCK_STREAM):
               ~~~~~~~~~~~~~~~~~~^^^^^^^^^^^^^^^^^^^^^^^^^^^^^^^^^^^^^^^^
  File "/usr/lib/python3.13/socket.py", line 977, in getaddrinfo
    for res in _socket.getaddrinfo(host, port, family, type, proto, flags):
               ~~~~~~~~~~~~~~~~~~~^^^^^^^^^^^^^^^^^^^^^^^^^^^^^^^^^^^^^^^^
socket.gaierror: [Errno -3] Temporary failure in name resolution

The above exception was the direct cause of the following exception:

Traceback (most recent call last):
  File "/usr/lib/python3/dist-packages/urllib3/connectionpool.py", line 787, in urlopen
    response = self._make_request(
        conn,
    ...<10 lines>...
        **response_kw,
    )
  File "/usr/lib/python3/dist-packages/urllib3/connectionpool.py", line 488, in _make_request
    raise new_e
  File "/usr/lib/python3/dist-packages/urllib3/connectionpool.py", line 464, in _make_request
    self._validate_conn(conn)
    ~~~~~~~~~~~~~~~~~~~^^^^^^
  File "/usr/lib/python3/dist-packages/urllib3/connectionpool.py", line 1105, in _validate_conn
    conn.connect()
    ~~~~~~~~~~~~^^
  File "/usr/lib/python3/dist-packages/urllib3/connection.py", line 704, in connect
    self.sock = sock = self._new_conn()
                       ~~~~~~~~~~~~~~^^
  File "/usr/lib/python3/dist-packages/urllib3/connection.py", line 205, in _new_conn
    raise NameResolutionError(self.host, self, e) from e
urllib3.exceptions.NameResolutionError: <urllib3.connection.HTTPSConnection object at 0x783ce8069e50>: Failed to resolve 'icare.lt-integra.com' ([Errno -3] Temporary failure in name resolution)

The above exception was the direct cause of the following exception:

Traceback (most recent call last):
  File "/usr/lib/python3/dist-packages/requests/adapters.py", line 667, in send
    resp = conn.urlopen(
        method=request.method,
    ...<9 lines>...
        chunked=chunked,
    )
  File "/usr/lib/python3/dist-packages/urllib3/connectionpool.py", line 841, in urlopen
    retries = retries.increment(
        method, url, error=new_e, _pool=self, _stacktrace=sys.exc_info()[2]
    )
  File "/usr/lib/python3/dist-packages/urllib3/util/retry.py", line 519, in increment
    raise MaxRetryError(_pool, url, reason) from reason  # type: ignore[arg-type]
    ^^^^^^^^^^^^^^^^^^^^^^^^^^^^^^^^^^^^^^^^^^^^^^^^^^^
urllib3.exceptions.MaxRetryError: HTTPSConnectionPool(host='icare.lt-integra.com', port=443): Max retries exceeded with url: /otrs/index.pl (Caused by NameResolutionError("<urllib3.connection.HTTPSConnection object at 0x783ce8069e50>: Failed to resolve 'icare.lt-integra.com' ([Errno -3] Temporary failure in name resolution)"))

During handling of the above exception, another exception occurred:

Traceback (most recent call last):
  File "/home/ismail/Downloads/Project Lainnya/Project Lain 1/scripts/otrs_history_fetcher.py", line 485, in <module>
    main()
    ~~~~^^
  File "/home/ismail/Downloads/Project Lainnya/Project Lain 1/scripts/otrs_history_fetcher.py", line 448, in main
    session, sess_id = get_session()
                       ~~~~~~~~~~~^^
  File "/home/ismail/Downloads/Project Lainnya/Project Lain 1/scripts/otrs_close_bridge.py", line 69, in get_session
    r_login = s_new.post(BASE_URL, data=login_payload, headers=DEFAULT_HEADERS, timeout=15)
  File "/usr/lib/python3/dist-packages/requests/sessions.py", line 637, in post
    return self.request("POST", url, data=data, json=json, **kwargs)
           ~~~~~~~~~~~~^^^^^^^^^^^^^^^^^^^^^^^^^^^^^^^^^^^^^^^^^^^^^
  File "/usr/lib/python3/dist-packages/requests/sessions.py", line 589, in request
    resp = self.send(prep, **send_kwargs)
  File "/usr/lib/python3/dist-packages/requests/sessions.py", line 703, in send
    r = adapter.send(request, **kwargs)
  File "/usr/lib/python3/dist-packages/requests/adapters.py", line 700, in send
    raise ConnectionError(e, request=request)
requests.exceptions.ConnectionError: HTTPSConnectionPool(host='icare.lt-integra.com', port=443): Max retries exceeded with url: /otrs/index.pl (Caused by NameResolutionError("<urllib3.connection.HTTPSConnection object at 0x783ce8069e50>: Failed to resolve 'icare.lt-integra.com' ([Errno -3] Temporary failure in name resolution)"))

📊 Total unique tickets to sync: 0
ℹ️  No active tickets found in queue.

🛑 Shutting down iCare Sync Daemon...
========================================================
🔄 iCare OTRS Background Sync Daemon Started
⏱️  Sync Interval: every 180 seconds (3 minutes)
========================================================

[20.48.43] 🚀 Starting iCare OTRS -> Supabase Synchronization...
📡 Fetching active tickets from iCare OTRS...
   Fetched 9 active tickets.
📊 Total unique tickets to sync: 9
   -> 5 new tickets to insert, 4 existing tickets to update/verify.
   ✅ Upserted batch 1 (9 tickets)
🎉 Sync completed! Total tickets in Supabase: 605

[20.51.50] 🚀 Starting iCare OTRS -> Supabase Synchronization...
📡 Fetching active tickets from iCare OTRS...
   Fetched 1 active tickets.
📊 Total unique tickets to sync: 1
   -> 0 new tickets to insert, 1 existing tickets to update/verify.
   ✅ Upserted batch 1 (1 tickets)
🎉 Sync completed! Total tickets in Supabase: 605

[20.54.50] 🚀 Starting iCare OTRS -> Supabase Synchronization...
📡 Fetching active tickets from iCare OTRS...
   Fetched 1 active tickets.
📊 Total unique tickets to sync: 1
   -> 0 new tickets to insert, 1 existing tickets to update/verify.
   ✅ Upserted batch 1 (1 tickets)
🎉 Sync completed! Total tickets in Supabase: 605

[20.57.50] 🚀 Starting iCare OTRS -> Supabase Synchronization...
📡 Fetching active tickets from iCare OTRS...
   Fetched 1 active tickets.
📊 Total unique tickets to sync: 1
   -> 0 new tickets to insert, 1 existing tickets to update/verify.
   ✅ Upserted batch 1 (1 tickets)
🎉 Sync completed! Total tickets in Supabase: 605

[21.00.50] 🚀 Starting iCare OTRS -> Supabase Synchronization...
📡 Fetching active tickets from iCare OTRS...
   Fetched 1 active tickets.
📊 Total unique tickets to sync: 1
   -> 0 new tickets to insert, 1 existing tickets to update/verify.
   ✅ Upserted batch 1 (1 tickets)
🎉 Sync completed! Total tickets in Supabase: 605

[21.03.50] 🚀 Starting iCare OTRS -> Supabase Synchronization...
📡 Fetching active tickets from iCare OTRS...
   Fetched 1 active tickets.
📊 Total unique tickets to sync: 1
   -> 0 new tickets to insert, 1 existing tickets to update/verify.
   ✅ Upserted batch 1 (1 tickets)
🎉 Sync completed! Total tickets in Supabase: 605

[21.06.50] 🚀 Starting iCare OTRS -> Supabase Synchronization...
📡 Fetching active tickets from iCare OTRS...
   Fetched 1 active tickets.
📊 Total unique tickets to sync: 1
   -> 0 new tickets to insert, 1 existing tickets to update/verify.
   ✅ Upserted batch 1 (1 tickets)
🎉 Sync completed! Total tickets in Supabase: 605

[21.09.50] 🚀 Starting iCare OTRS -> Supabase Synchronization...
📡 Fetching active tickets from iCare OTRS...
   Fetched 1 active tickets.
📊 Total unique tickets to sync: 1
   -> 0 new tickets to insert, 1 existing tickets to update/verify.
   ✅ Upserted batch 1 (1 tickets)
🎉 Sync completed! Total tickets in Supabase: 605

[21.12.50] 🚀 Starting iCare OTRS -> Supabase Synchronization...
📡 Fetching active tickets from iCare OTRS...
   Fetched 1 active tickets.
📊 Total unique tickets to sync: 1
   -> 0 new tickets to insert, 1 existing tickets to update/verify.
   ✅ Upserted batch 1 (1 tickets)
🎉 Sync completed! Total tickets in Supabase: 605

[21.15.50] 🚀 Starting iCare OTRS -> Supabase Synchronization...
📡 Fetching active tickets from iCare OTRS...
   Fetched 1 active tickets.
📊 Total unique tickets to sync: 1
   -> 0 new tickets to insert, 1 existing tickets to update/verify.
   ✅ Upserted batch 1 (1 tickets)
🎉 Sync completed! Total tickets in Supabase: 605

[21.18.50] 🚀 Starting iCare OTRS -> Supabase Synchronization...
📡 Fetching active tickets from iCare OTRS...
   Fetched 1 active tickets.
📊 Total unique tickets to sync: 1
   -> 0 new tickets to insert, 1 existing tickets to update/verify.
   ✅ Upserted batch 1 (1 tickets)
🎉 Sync completed! Total tickets in Supabase: 605

[21.21.50] 🚀 Starting iCare OTRS -> Supabase Synchronization...
📡 Fetching active tickets from iCare OTRS...
   Fetched 1 active tickets.
📊 Total unique tickets to sync: 1
   -> 0 new tickets to insert, 1 existing tickets to update/verify.
   ✅ Upserted batch 1 (1 tickets)
🎉 Sync completed! Total tickets in Supabase: 605

[21.24.50] 🚀 Starting iCare OTRS -> Supabase Synchronization...
📡 Fetching active tickets from iCare OTRS...
   Fetched 1 active tickets.
📊 Total unique tickets to sync: 1
   -> 0 new tickets to insert, 1 existing tickets to update/verify.
   ✅ Upserted batch 1 (1 tickets)
🎉 Sync completed! Total tickets in Supabase: 605

[21.27.50] 🚀 Starting iCare OTRS -> Supabase Synchronization...
📡 Fetching active tickets from iCare OTRS...
   Fetched 1 active tickets.
📊 Total unique tickets to sync: 1
   -> 0 new tickets to insert, 1 existing tickets to update/verify.
   ✅ Upserted batch 1 (1 tickets)
🎉 Sync completed! Total tickets in Supabase: 605

[21.30.50] 🚀 Starting iCare OTRS -> Supabase Synchronization...
📡 Fetching active tickets from iCare OTRS...
   Fetched 1 active tickets.
📊 Total unique tickets to sync: 1
   -> 0 new tickets to insert, 1 existing tickets to update/verify.
   ✅ Upserted batch 1 (1 tickets)
🎉 Sync completed! Total tickets in Supabase: 605

[21.33.50] 🚀 Starting iCare OTRS -> Supabase Synchronization...
📡 Fetching active tickets from iCare OTRS...
   Fetched 1 active tickets.
📊 Total unique tickets to sync: 1
   -> 0 new tickets to insert, 1 existing tickets to update/verify.
   ✅ Upserted batch 1 (1 tickets)
🎉 Sync completed! Total tickets in Supabase: 605

[21.36.50] 🚀 Starting iCare OTRS -> Supabase Synchronization...
📡 Fetching active tickets from iCare OTRS...
   Fetched 1 active tickets.
📊 Total unique tickets to sync: 1
   -> 0 new tickets to insert, 1 existing tickets to update/verify.
   ✅ Upserted batch 1 (1 tickets)
🎉 Sync completed! Total tickets in Supabase: 605

[21.39.50] 🚀 Starting iCare OTRS -> Supabase Synchronization...
📡 Fetching active tickets from iCare OTRS...
   Fetched 1 active tickets.
📊 Total unique tickets to sync: 1
   -> 0 new tickets to insert, 1 existing tickets to update/verify.
   ✅ Upserted batch 1 (1 tickets)
🎉 Sync completed! Total tickets in Supabase: 605

[21.42.50] 🚀 Starting iCare OTRS -> Supabase Synchronization...
📡 Fetching active tickets from iCare OTRS...
   Fetched 1 active tickets.
📊 Total unique tickets to sync: 1
   -> 0 new tickets to insert, 1 existing tickets to update/verify.
   ✅ Upserted batch 1 (1 tickets)
🎉 Sync completed! Total tickets in Supabase: 605

[21.45.50] 🚀 Starting iCare OTRS -> Supabase Synchronization...
📡 Fetching active tickets from iCare OTRS...
   Fetched 1 active tickets.
📊 Total unique tickets to sync: 1
   -> 0 new tickets to insert, 1 existing tickets to update/verify.
   ✅ Upserted batch 1 (1 tickets)
🎉 Sync completed! Total tickets in Supabase: 605

[21.48.50] 🚀 Starting iCare OTRS -> Supabase Synchronization...
📡 Fetching active tickets from iCare OTRS...
   Fetched 1 active tickets.
📊 Total unique tickets to sync: 1
   -> 0 new tickets to insert, 1 existing tickets to update/verify.
   ✅ Upserted batch 1 (1 tickets)
🎉 Sync completed! Total tickets in Supabase: 605

🛑 Shutting down iCare Sync Daemon...
